Estado;Regional;Município;Escola;Fluxo;Siave;SAEB;Passe Livre;Pé de Meia;% Freq Escolar;Freq > 90%;% Freq Potencial Abandono;Gestão Democrática;Gestão Democrática.1;Matrícula;Índice Aprov Port;Med < 5 Ciências Nat Tec;Med < 5 Ciências Linguagem;Med < 5 Ciências Humanas;Med < 5 Ciências Técnica;Formação;ENEM
Paraíba;01ª GRE;João Pessoa;CEEEA Sesquicentenario;5712;7894;5157;5944;5055;5441;9415;5708;8735;6804;9468;7665;665;8708;9256;766;5258;7211
Paraíba;01ª GRE;João Pessoa;Centro Profis Dep Antonio Cabral;9068;8806;6888;7395;6413;6257;9718;8669;7886;7335;6303;9363;904;8731;8531;6542;9639;9627
Paraíba;01ª GRE;João Pessoa;Cpm-Estudante Rebeca Cristina Alves Simões;9077;6078;5844;6799;9095;8533;5495;8143;8988;6431;9468;5044;878;6137;9979;924;8918;5326
Paraíba;01ª GRE;João Pessoa;Cria Capitulina Satyro;5975;7227;9996;9011;9677;5763;8876;6248;8962;9564;7945;8539;8721;8935;648;9289;7628;9553
Paraíba;01ª GRE;João Pessoa;Eci Liliosa Paiva Leite;6554;737;5713;7227;6171;9976;8464;6924;8688;7835;9746;8298;8466;5648;8685;9744;6709;6416
Paraíba;01ª GRE;João Pessoa;ECI Luís Ramalho;9292;6191;8279;7816;6109;9132;9871;9372;7223;9632;6019;6702;8913;626;8596;8922;8418;5326
Paraíba;01ª GRE;João Pessoa;Eci Luzia Simoes Bartollini;9075;5473;9412;794;7316;6182;6109;6037;6409;9327;595;549;6728;8638;6343;9977;7853;6002
Paraíba;01ª GRE;João Pessoa;ECI MILTON CAMPOS;8468;639;5306;5322;9009;515;5987;5042;9767;9846;7672;9704;7752;9156;5008;8552;9155;9021
Paraíba;01ª GRE;João Pessoa;Eci Padre Ibiapina;6332;7132;9619;796;8136;8551;962;6137;5389;9814;8859;5867;9296;7544;7814;8428;5034;7679
Paraíba;01ª GRE;João Pessoa;ECI PEDRO LINS VIEIRA DE MELO;6571;6333;8135;8338;5256;8561;6772;5696;7935;6485;6288;573;9593;5924;7598;5209;5783;5399
Paraíba;01ª GRE;João Pessoa;ECI PROFESSOR CELESTIN MALZAC;9017;9641;929;5969;7701;7802;9247;540;973;6606;8865;9811;580;9387;7299;7983;9733;9179
Paraíba;01ª GRE;João Pessoa;ECI PROFESSOR PAULO FREIRE;6861;6599;9184;5999;7504;5354;5559;7752;5064;9885;5638;5761;5854;6336;9945;7107;6324;6975
Paraíba;01ª GRE;João Pessoa;ECIS ALMIRANTE SALDANHA;7748;8579;8557;9997;7254;6569;8306;8196;8536;8193;6034;6824;8043;851;8989;9951;942;8559
Paraíba;01ª GRE;João Pessoa;Ecit Alice Carneiro;5564;7821;8472;8173;9269;6822;8166;8182;942;534;7462;7108;8472;7079;7131;8565;9689;8689
Paraíba;01ª GRE;João Pessoa;ECIT CONEGO FRANCISCO GOMES DE LIMA;5596;7876;6927;8884;7137;8253;5181;7681;8333;887;5159;671;9708;6658;7864;9484;5367;5937
Paraíba;01ª GRE;João Pessoa;ECIT Daura Santiago Rangel;5241;7673;6348;7466;5218;5708;7118;5155;6294;6424;6076;5065;5447;6022;7973;8932;9311;8071
Paraíba;01ª GRE;João Pessoa;Ecit Dom Jose Maria Pires;8437;9334;5827;9752;788;9779;8007;8744;8026;6725;9698;7897;594;6753;9663;7626;6959;6435
Paraíba;01ª GRE;João Pessoa;ECI TENENTE LUCENA;5024;8531;9912;5524;7385;6852;5613;7729;947;6084;6185;9342;8295;9431;5781;7287;6424;6793
Paraíba;01ª GRE;João Pessoa;ECIT Francisca Ascensão Cunha;9236;9441;6806;5033;7492;8761;555;7973;6285;5631;5395;9461;8247;5898;5582;5843;6288;8887
Paraíba;01ª GRE;João Pessoa;ECIT Horácio de Almeida;7892;7952;8819;746;5036;8136;6115;5098;7507;5009;9206;842;7746;9346;6838;780;5862;6107
Paraíba;01ª GRE;João Pessoa;Ecit João Goulart;922;5172;657;8908;577;6017;7554;732;5849;8466;7786;9804;7955;5456;7672;8596;9749;6672
Paraíba;01ª GRE;João Pessoa;Ecit João Pereira Gomes Filho;9427;8165;6641;5505;8618;7726;5329;5223;7775;8962;7346;5466;7807;9803;5753;8231;6425;9183
Paraíba;01ª GRE;João Pessoa;ECIT João ROBERTO BORGES DE souza;8651;9541;8502;7612;9586;6515;9593;5427;8685;7453;6367;583;633;5103;6651;5828;5797;7531
Paraíba;01ª GRE;João Pessoa;Ecit José do Patrocínio;5784;7572;9767;7905;9161;6885;7446;6536;6739;5507;8652;6487;7147;9601;8861;6372;6779;6342
Paraíba;01ª GRE;João Pessoa;ECIT LINDUARTE NORONHA;8608;6108;7343;7395;584;9899;802;9598;735;8228;8978;9156;8803;702;6099;656;5455;8654
Paraíba;01ª GRE;João Pessoa;Ecit Luiz Gonzaga de Albuquerque Burity;7401;6282;7783;7296;9458;9391;6982;9957;9836;6826;6538;9676;6994;9996;6469;8745;7243;9211
Paraíba;01ª GRE;João Pessoa;Ecit Manoel Lisboa de Moura;5678;7689;9844;7409;7269;6306;9546;9891;6285;5724;6226;8048;7953;8514;8541;5791;5554;6506
Paraíba;01ª GRE;João Pessoa;Ecit Maria do Carmo de Miranda;8343;8435;8774;6224;5896;9912;7876;9339;7923;5623;8427;8448;7966;8139;8944;7205;6686;8125
Paraíba;01ª GRE;João Pessoa;Ecit Monsenhor Pedro Anísio Bezerra Dantas;6705;8037;7395;9038;7412;7733;6605;8669;5708;5402;7108;822;7455;5126;9127;5301;9282;921
Paraíba;01ª GRE;João Pessoa;Ecit Nicodemos Neves;9475;6212;6309;8238;5971;5792;8834;9879;8423;9901;8179;6773;8934;5453;5804;5724;7938;8104
Paraíba;01ª GRE;João Pessoa;Ecit Padre Hildon Bandeira;8494;7351;839;6528;6806;9913;9472;6802;6157;8523;8767;866;918;5245;9939;8512;9121;7163
Paraíba;01ª GRE;João Pessoa;ECIT PAPA PAULO VI;5942;5672;6407;9378;5446;7243;7066;8685;6174;655;8021;888;6709;9166;9745;8389;5113;8246
Paraíba;01ª GRE;João Pessoa;Ecit Prefeito Oswaldo Pessoa;8786;7396;7182;7384;8117;8446;8502;5929;8023;5453;6549;7332;984;6095;9814;5185;7897;5928
Paraíba;01ª GRE;João Pessoa;ECIT PROFESSORA OLIVINA OLÍVIA CARNEIRO DA CUNHA;9469;8231;9233;8342;6318;8949;9673;7941;5041;7661;6995;8747;8009;8155;8902;9751;9206;9323
Paraíba;01ª GRE;João Pessoa;ECIT Professor Olívio Pinto ;5484;8278;8242;8254;9533;6125;815;9745;5027;5231;8273;5496;7818;5042;8858;6863;5145;994
Paraíba;01ª GRE;João Pessoa;ECIT PROFESSOR PEDRO AUGUSTO PORTO CAMINHA;7467;7213;5081;6161;7718;5446;9249;6715;6933;7306;9176;7531;7715;6992;7512;594;7832;8894
Paraíba;01ª GRE;João Pessoa;Ecit Professor Raul Cordula;5037;7413;6699;6121;7754;5089;6443;7858;7586;9523;927;5263;7481;7921;7408;8256;6581;8419
Paraíba;01ª GRE;João Pessoa;Ecit Raul Machado;8479;8101;644;8105;973;6381;8716;8836;611;8255;9767;9793;5489;7179;9707;7262;9302;7969
Paraíba;01ª GRE;João Pessoa;Ecit Severino Dias de Oliveira - Mestre Sivuca;6698;5449;7478;8644;5893;9478;6902;9185;6111;742;7874;6611;6428;5753;6766;8709;8458;5098
Paraíba;01ª GRE;João Pessoa;EEEE Ana Paula Ribeiro Barbosa Lira;6055;666;7174;5898;716;6759;8619;6943;841;7158;8133;8136;6552;7203;8426;7521;7018;9931
Paraíba;01ª GRE;João Pessoa;EEEF Almirante Tamandare;8505;7074;9355;7009;8632;9852;6738;886;6309;7215;9078;6779;7573;6923;9579;9569;5185;8167
Paraíba;01ª GRE;João Pessoa;EEEF Antonio Pessoa;6372;5092;867;7637;8456;7131;8768;8014;6927;7096;766;8758;7381;623;907;6274;9896;6807
Paraíba;01ª GRE;João Pessoa;EEEF Azorceriz Pires Ferreira;7699;861;5886;6549;6803;9432;7334;8268;6956;9829;8021;8575;5857;7959;9664;7467;9323;6171
Paraíba;01ª GRE;João Pessoa;EEEF Borges da Fonseca;626;9506;8159;9649;7838;9607;8727;6212;9606;6858;7823;5887;9062;7903;8474;8773;8986;6284
Paraíba;01ª GRE;João Pessoa;EEEF Castro Pinto;6312;6945;6853;9216;9362;5584;8489;9149;740;9235;5538;7915;8647;940;550;6457;7546;6505
Paraíba;01ª GRE;João Pessoa;EEEF Claudina Mangueira de Moura;779;7787;5308;7054;7397;8829;5218;9746;8897;8458;6994;6559;6699;5222;9377;8903;9623;6109
Paraíba;01ª GRE;João Pessoa;EEEF DESEMBARGADOR BRAZ BARACUHY;7621;9864;5042;9263;7419;637;6673;9704;7328;8869;6945;9194;9442;8564;5113;8367;9166;7873
Paraíba;01ª GRE;João Pessoa;EEEF Domenica Andrea Magliano;6215;7716;8213;5049;8893;6747;6478;6392;7772;7347;8423;7889;8453;6809;8764;6429;8387;5764
Paraíba;01ª GRE;João Pessoa;EEEF Epitacio Pessoa;9482;535;7283;9401;9837;9479;8273;9691;7219;9917;5963;8265;5998;9289;5196;7131;957;5726
Paraíba;01ª GRE;João Pessoa;EEEF Francisco Campos;6965;9977;5669;699;6205;6627;8153;9949;8933;8113;9645;6609;607;8694;8515;7446;5478;9019
Paraíba;01ª GRE;João Pessoa;EEEF Frei Martinho;9131;9812;7322;6627;6277;5979;7036;7191;9708;7763;5883;6061;6904;9723;663;5374;6923;508
Paraíba;01ª GRE;João Pessoa;EEEF GOVERNADOR ANTONIO MARIZ;7013;8222;8399;5414;9959;5032;8272;7019;9976;9912;581;668;6641;7848;9066;6696;755;9379
Paraíba;01ª GRE;João Pessoa;EEEF Gustavo Capanema;7399;6844;9965;8377;7868;5985;7379;9032;7089;8055;8659;896;9407;5812;7482;9642;8611;8845
Paraíba;01ª GRE;João Pessoa;EEEF Henrique Dias;7311;893;9642;8356;5087;5395;8443;7508;9054;6296;5323;7369;5053;8719;5476;6574;615;5652
Paraíba;01ª GRE;João Pessoa;EEEF Isabel Maria das Neves;6428;6762;867;6851;7744;7238;8786;955;9838;6966;6845;5306;9041;5436;5047;5942;8968;7448
Paraíba;01ª GRE;João Pessoa;EEEF Jose Vieira;760;7855;7393;5351;6047;7514;9593;9634;7468;7207;764;9874;980;9782;8025;9218;5003;9293
Paraíba;01ª GRE;João Pessoa;EEEFM Audiocomunicacao;6456;6127;5074;5926;8423;810;9167;6351;5953;9281;7739;6362;7084;6085;5187;9509;8082;6844
Paraíba;01ª GRE;João Pessoa;EEEFM DESEMBARGADOR BOTO DE MENEZES;6067;6916;5767;8205;9487;5724;9412;7557;8619;5398;8692;5416;5932;7835;9467;542;5351;567
Paraíba;01ª GRE;João Pessoa;EEEFM Domingos Jose da Paixao;8285;954;9832;5805;9575;899;9034;6931;6238;7474;7016;6762;7678;7796;8821;9435;7676;6321
Paraíba;01ª GRE;João Pessoa;EEEFM DOUTOR JOAO NAVARRO FILHO;9682;8538;8407;5143;7518;7819;7996;8948;5729;6253;7024;6904;7272;8203;8812;9284;5274;8501
Paraíba;01ª GRE;João Pessoa;EEEFM Graciliano Ramos;9337;7484;7359;8113;7164;6768;5268;6635;5018;8521;8504;8873;8676;6941;7911;5089;798;6018
Paraíba;01ª GRE;João Pessoa;EEEFM PADRE MIGUELINHO;9676;7959;8976;7725;860;613;9553;7003;7046;7625;5153;6703;9214;5998;7482;9244;5045;6447
Paraíba;01ª GRE;João Pessoa;EEEFM Padre Roma;5301;8856;7755;564;8559;8664;9295;8554;9182;8806;8145;8211;8979;7161;7333;7589;9701;815
Paraíba;01ª GRE;João Pessoa;EEEFM PROFESSORA MARIA GENY DE SOUSA TIMOTEO;6357;9864;6535;5076;5938;5859;5957;9548;8885;9728;6019;6633;8579;8822;922;7501;9158;6832
Paraíba;01ª GRE;João Pessoa;EEEFM Professora Maria Jacy Costa;5131;5815;9651;6561;7941;7096;6712;9882;7358;6454;9625;7901;950;8538;5124;9452;7562;9527
Paraíba;01ª GRE;João Pessoa;EEEFM PROFESSOR JOAO JOSE DA COSTA;6573;6149;8022;5868;8501;7274;9744;657;5188;9956;9752;8985;7309;7489;5276;8847;6387;9147
Paraíba;01ª GRE;João Pessoa;EEEF Padre Azevedo;6654;7314;8497;8882;758;6143;9962;6312;7793;7233;5869;7356;7811;5641;9119;661;1000;7788
Paraíba;01ª GRE;João Pessoa;EEEF Padre Cicero Romao Batista;9211;5865;6875;9723;9701;9164;8792;6816;9964;789;8822;5591;7685;9497;691;6704;8927;8788
Paraíba;01ª GRE;João Pessoa;EEEF Padre Joao Felix;766;8272;8769;6165;8007;7668;9171;8576;7096;9827;9237;6061;8331;6664;9095;8742;6753;9503
Paraíba;01ª GRE;João Pessoa;EEEF PROFESSORA ADELIA DE FRANCA;6911;792;5566;5268;6734;9648;630;6907;8745;9401;9159;6898;7804;9673;639;6433;8191;6043
Paraíba;01ª GRE;João Pessoa;EEEF Professora Dagmar Mendonca Limeira;6273;7772;5537;5815;814;8784;5237;9337;8089;9498;6368;5876;7796;5524;9096;6392;5744;9091
Paraíba;01ª GRE;João Pessoa;EEEF PROFESSORA MARIA DE FATIMA SOUTO;9863;5615;5073;7109;8545;6564;5134;7248;9807;7601;7986;9104;7489;9129;8506;6444;8873;5143
Paraíba;01ª GRE;João Pessoa;EEEF PROFESSORA RITA DE MIRANDA HENRIQUES;6315;764;7722;9399;616;6669;8148;9158;8258;5497;6663;712;7819;5861;7443;7431;7434;7026
Paraíba;01ª GRE;João Pessoa;EEEM BENEDITA TARGINO MARANHAO;573;5351;6926;7264;9417;5016;5298;6615;9592;796;9476;9093;6241;8232;7188;8614;8003;533
Paraíba;01ª GRE;João Pessoa;EEEM Con Luiz Gonzaga de Oliveira;630;7604;5183;9237;8826;9151;7896;8388;7811;6466;6539;6111;8682;6787;6488;6833;5304;6013
Paraíba;01ª GRE;João Pessoa;EEEM DOUTOR OTAVIO NOVAIS;7731;9747;839;6232;5527;6552;7225;8316;6647;5456;5489;9804;5208;6531;6864;7755;9464;844
Paraíba;01ª GRE;João Pessoa;EEEM GONCALVES DIAS;5555;7732;7033;9864;7629;7634;8455;6304;578;7359;7625;6648;8748;5722;5144;5467;6039;5865
Paraíba;01ª GRE;João Pessoa;EEEM PROFESSORA ANTONIA RANGEL DE FARIAS;9677;9072;6184;9988;8047;5081;7501;5662;5685;6612;7068;9618;5503;740;9774;5246;9657;7256
Paraíba;01ª GRE;João Pessoa;EEEM PROFESSORA  ARGENTINA PEREIRA GOMES;9627;6113;7189;7724;7826;8361;698;7111;8013;8575;5683;9627;9349;6469;5027;9036;5909;693
Paraíba;01ª GRE;João Pessoa;EEEM PROFESSORA DEBORA DUARTE;9132;9797;7555;9325;5544;7475;7406;5813;5586;6172;934;6827;9802;6487;9711;5577;8411;7367
Paraíba;01ª GRE;João Pessoa;EEEM PROFESSOR GERALDO LAFAYETTE BEZERRA;7279;5892;6285;5707;5373;7116;5448;8202;725;5886;8065;5094;8191;566;8621;522;548;8246
Paraíba;01ª GRE;João Pessoa;EEEM PROFESSOR JOSE BAPTISTA DE MELLO;9402;9276;948;5401;9322;9672;5123;6191;5272;5066;7971;9258;8737;8616;816;8101;566;5409
Paraíba;01ª GRE;João Pessoa;EEEM PROFESSOR MARIA BRONZEADO MACHADO;5832;6644;9698;694;5422;7755;7997;9013;9913;6731;6687;6424;8647;7666;7948;6427;5058;5631
Paraíba;01ª GRE;João Pessoa;EEEM PROFESSOR ORLANDO CAVALCANTI GOMES;8143;7455;7285;8791;8053;8897;7475;5572;7139;806;8649;8895;6399;810;9851;6421;8304;6154
Paraíba;01ª GRE;João Pessoa;EEEM SANTOS DUMONT;6733;5194;9106;7005;5404;5482;7667;6633;5955;7327;5222;7949;5322;9899;7023;9725;5655;7979
Paraíba;01ª GRE;João Pessoa;Escola Técnica Estadual de Arte, Tecnologia e Economia Criativa Poeta Juca Pontes;6891;7593;8602;914;7325;5302;761;6459;7087;5368;6691;7468;5901;8962;6334;9131;7771;7922
Paraíba;01ª GRE;João Pessoa;Instituto de Educacao da Paraiba (Iep);8181;8646;7781;6696;8329;8289;8663;5035;8636;8611;6948;5401;8092;7567;5968;5217;5961;5548
Paraíba;01ª GRE;João Pessoa;LICEU PARAIBANO;5147;7012;5365;8558;6764;5438;9698;8547;6718;7276;9424;8226;7946;6263;9684;5536;567;8244
Paraíba;01ª GRE;João Pessoa;Nucleo de Educacao de Jovens e Adultos do Ensino Medio;991;7317;5002;7004;8309;6153;7205;6876;9399;9877;6218;5344;7848;6928;6308;5839;7802;6021
Paraíba;01ª GRE;Santa Rita;EEEF Odilon Ribeiro Coutinho;760;9694;6021;5177;9986;7544;5242;6515;7234;7806;5202;6427;7321;7635;5678;7618;9053;8072
Paraíba;02ª GRE;Alagoinha;ECIT AGENOR CLEMENTE DOS SANTOS;5221;6844;6576;6148;6473;9659;756;5942;7704;8373;5058;7693;9982;6102;5476;7614;9113;711
Paraíba;02ª GRE;Araçagi;Eci Francisco Pessoa de Brito;7826;6412;9688;8183;7655;9974;9273;6705;6387;6066;900;9105;6843;8654;7636;8236;6747;5893
Paraíba;02ª GRE;Araçagi;EEEM RODRIGUES DE CARVALHO;557;7871;8645;7248;6085;6997;5829;6508;6379;5964;7118;9539;9781;8562;5611;738;5145;8522
Paraíba;02ª GRE;Arara; ECI MONSENHOR JOSÉ PAULINO;8228;5522;8382;5432;5877;635;8772;5816;5943;8145;8247;6344;9066;5048;5025;6657;5016;8662
Paraíba;02ª GRE;Arara; EEEFM ANESIO DEODONIO MORENO;6961;6459;8793;6807;9089;5213;8831;8524;8564;5852;651;567;9795;6323;9091;7305;9849;8635
Paraíba;02ª GRE;Araruna;ECIT BENJAMIN MARANHAO;982;8523;9249;7067;9091;7866;7318;8135;5359;9691;7846;6943;6213;5409;6369;8627;9508;5245
Paraíba;02ª GRE;Araruna; EEEM TARGINO PEREIRA;5975;7699;7429;8073;5268;5898;610;5769;6291;8726;701;7038;8111;8547;5894;782;6038;6758
Paraíba;02ª GRE;Areia; ECIT MINISTRO JOSÉ AMÉRICO DE ALMEIDA;6249;8472;765;8929;7993;8634;9849;7748;5282;5715;7545;8978;5942;9861;5037;790;8299;7435
Paraíba;02ª GRE;Areia; EEEFM ALVARO MACHADO;8847;655;7877;7596;9601;9123;6427;5546;8552;884;6785;5901;5776;5605;5142;6018;5384;7042
Paraíba;02ª GRE;Areia;EEEFM CARLOTA BARREIRA;8903;9805;7694;8029;6287;5317;5769;6202;8572;8617;6196;8979;7943;5793;8512;9568;7309;6541
Paraíba;02ª GRE;Areia; EEEF MONSENHOR JOAO COUTINHO;7177;5416;8665;9538;7258;7677;9894;7019;6251;6954;5597;5451;6121;6459;9563;5953;5432;8701
Paraíba;02ª GRE;Bananeiras;ECIT JOSÉ ROCHA SOBRINHO;9909;8453;6577;9142;722;8394;5775;6594;5805;5702;7247;900;5423;753;7903;9248;8583;7509
Paraíba;02ª GRE;Bananeiras;EEEM PROFESSOR PEDRO A DE ALMEIDA;6587;9853;8523;5222;6295;6561;8246;9606;6573;7856;805;7723;5495;7575;6793;758;676;8371
Paraíba;02ª GRE;Bananeiras;ESCOLA DOS SONHOS;5835;7476;7085;7278;5135;7437;9669;9184;8475;7236;9195;5886;8511;5231;8091;9844;5952;8571
Paraíba;02ª GRE;Belém;ECIT ENGENHEIRA MARCIA GUEDES  ALCOFORADO DE CARVALHO;5319;5399;6084;6907;5958;892;9863;8685;5614;8722;9423;6043;6948;8659;6346;6666;8787;5435
Paraíba;02ª GRE;Belém; EEEFM FELINTO ELIZIO;5774;8423;6814;7149;818;5852;945;6657;9365;8266;5702;6876;9458;8683;7716;8981;9353;6877
Paraíba;02ª GRE;Borborema; ECIT EFIGÊNIO LEITE;7428;9794;8305;997;758;620;7519;524;7622;6905;5135;6617;8453;7277;8041;7329;5945;6544
Paraíba;02ª GRE;Cacimba de Dentro;ECI HUMBERTO LUCENA;7812;7263;7283;9185;9384;9084;923;5968;994;8811;7314;6008;5445;7904;5077;8095;539;6081
Paraíba;02ª GRE;Cacimba de Dentro; EEEF PERILO DE OLIVEIRA;9969;759;5688;9665;6467;5841;5516;5406;6581;6487;5143;9873;7232;8893;9062;5116;8462;7571
Paraíba;02ª GRE;Cacimba de Dentro;EEEM PEDRO TARGINO DA COSTA MOREIRA;5575;8823;7781;6387;8702;8643;8638;7844;7697;9648;7484;6289;6471;8205;5619;8598;8953;8136
Paraíba;02ª GRE;Caiçara;ECIT PROFESSORA MARIA GERTRUDES DE  CARVALHO NEVES;5157;7776;6844;7087;9301;5518;8079;5569;7428;6917;8382;6244;7237;9386;7186;8977;9568;5326
Paraíba;02ª GRE;Casserengue; ECI PROFESSORA BEATRIZ MARIA DE ABREU;7763;6799;8917;821;8874;5864;5176;993;7761;9551;9459;7397;9163;702;8171;8363;8924;5081
Paraíba;02ª GRE;Cuitegi;ECI ODILON NELSON DANTAS;5047;8281;9091;7051;805;8355;7963;5251;6192;8817;9488;8011;627;5856;6823;9589;9886;626
Paraíba;02ª GRE;Dona Inês; ECI GOVERNADOR CLOVIS BEZERRA CAVALCANTI;5987;8477;8435;9347;8729;7592;9904;7018;5282;7548;5832;6159;6096;7218;6138;8613;9335;5636
Paraíba;02ª GRE;Duas Estradas;ECI SAGRADO CORACAO DE JESUS;6649;8524;7935;6917;9379;989;9059;9616;6717;887;517;6491;9819;9787;5218;5032;8518;9239
Paraíba;02ª GRE;Duas Estradas; EEEF FRANCISCO COSTA;6136;7514;5043;897;9532;755;9372;7355;664;5664;5875;9046;6667;6124;6687;9277;780;8903
Paraíba;02ª GRE;Guarabira;ECI JOSÉ SOARES DE CARVALHO;9665;6814;6713;9333;6257;5146;6884;5455;7922;9546;7235;6728;5477;6332;5894;6594;8254;7534
Paraíba;02ª GRE;Guarabira;ECIT GUARABIRA DOM MARCELO PINTO  CARVALHEIRA;907;7947;8521;6993;6725;8158;988;6397;9247;8702;8337;7268;8118;6799;7798;768;9776;756
Paraíba;02ª GRE;Guarabira; ECIT MONSENHOR EMILIANO DE CRISTO;6827;9467;5043;5128;796;5166;6858;5177;7783;8104;5107;9851;5119;5488;8377;7071;8609;9091
Paraíba;02ª GRE;Guarabira; EEEF ABDON MIRANDA;9491;590;7292;7173;7598;9047;7894;7936;5167;8027;6382;9546;5531;8757;6427;8474;8311;9276
Paraíba;02ª GRE;Guarabira;EEEF DEPUTADO GUSTAVO AMORIM DA COSTA;5922;583;7433;8717;5557;9716;5745;6436;7315;6165;7154;7312;6476;6475;9238;9911;7707;783
Paraíba;02ª GRE;Guarabira; EEEF DESEMBARGADOR PEDRO BANDEIRA;9149;9906;671;9147;9262;8863;6731;7163;6039;9074;9612;5801;8511;6593;8522;8886;934;6203
Paraíba;02ª GRE;Guarabira;EEEFM ANTENOR NAVARRO;6467;5753;6972;9814;799;9095;9474;9281;9703;5677;6786;7707;9194;9818;5427;5007;9825;9889
Paraíba;02ª GRE;Guarabira; EEEFM JOAO FRANCELINO DA SILVA;5384;8104;9231;6961;5269;9052;7339;6248;7324;9041;8259;7632;8118;5015;6167;831;8597;5421
Paraíba;02ª GRE;Guarabira; EEEM JOHN KENNEDY;5506;6076;8101;5241;6389;6371;8376;6669;7369;7998;8628;5626;7679;953;8175;5568;8017;9828
Paraíba;02ª GRE;Guarabira;EEEM PROFESSOR EDGARDO JULIO;8023;8067;851;9555;6836;9009;6812;5491;9136;7599;7403;6893;6521;9992;9153;9483;6287;543
Paraíba;02ª GRE;Lagoa de Dentro;ECIT IVAN BICHARA SOBREIRA;5031;9456;829;6789;5315;6685;608;6894;6599;5946;6237;7598;9628;7839;7336;7035;7661;790
Paraíba;02ª GRE;Lagoa de Dentro;EEEFM GETULIO VARGAS;953;7175;973;7537;9819;5648;6223;9366;6965;8017;9636;5716;9711;8942;6536;562;7769;8561
Paraíba;02ª GRE;Logradouro;ECI PREFEITO JOSE ANTONIO NEVES;9897;9894;8385;5384;5604;5688;8278;7738;9543;9124;8397;9615;9313;5819;5859;9145;6096;8375
Paraíba;02ª GRE;Mulungu;ECIT MAJOR ANTONIO DE AQUINO;8561;902;8176;6414;6798;8763;7062;6354;9227;7836;5982;6658;5053;5827;818;8916;7994;8982
Paraíba;02ª GRE;Mulungu;EEEF D AMARO BELTRAO;7568;9713;8859;7267;9381;9756;670;6516;9484;9778;723;909;6483;7739;8844;5167;6244;6368
Paraíba;02ª GRE;Mulungu;EEEFM JARDILINA CRUZ PEREIRA;809;6857;6393;7576;9072;5931;5952;9005;5528;5138;9862;8863;5089;9256;9537;7022;911;8791
Paraíba;02ª GRE;Pilões;ECI ANTONIETA CORREIA DE MENEZES;9811;6212;585;8867;5894;5417;950;9202;5364;900;5314;7185;876;8108;5664;666;6025;6623
Paraíba;02ª GRE;Pilões;EEEFM DOM SANTINO COUTINHO;9784;5516;6979;8709;7679;8963;8275;7351;8023;6519;8561;6555;8943;9941;5476;5485;6624;6594
Paraíba;02ª GRE;Pilõezinhos;ECI SILVIO PORTO;8152;5071;920;9383;5409;8865;9599;6872;7523;5031;518;8528;9009;7894;8049;8901;5225;9527
Paraíba;02ª GRE;Pirpirituba;ECI AUGUSTO DE ALMEIDA;5929;7792;9113;5956;9764;9359;9144;8418;6155;6692;554;6133;7956;9435;7257;9928;8774;6807
Paraíba;02ª GRE;Pirpirituba;EEEFM MONSENHOR WALFREDO LEAL;5373;8262;7857;6756;8248;9719;619;5796;5047;7205;9908;9821;5246;9835;8005;8484;7466;8244
Paraíba;02ª GRE;Riachão;ECI PEDRO RIBEIRO DE LIMA;9283;991;9332;9718;6295;7777;9789;5247;7073;9117;8477;7901;6902;975;6734;8724;7623;8888
Paraíba;02ª GRE;Serra da Raiz;ECIT MARIA JOSE MIRANDA BURITY;7005;6076;7485;9806;5041;7952;824;8161;5727;9494;9003;8673;5714;7016;6911;5749;8068;8579
Paraíba;02ª GRE;Serra da Raiz; EEEF PADRE EMIDIO FERNANDES;8335;5528;6475;6184;8568;5385;7993;9811;912;9393;8501;5784;9579;6042;6511;9977;7493;749
Paraíba;02ª GRE;Serraria;ECI ANTÔNIO BENTO;9474;5138;7558;9782;7334;7867;9557;7369;8971;9436;9074;6613;9484;8714;5358;677;5127;9148
Paraíba;02ª GRE;Sertãozinho;ECI JOÃO DE FREITAS MOUZINHO;9593;8492;9523;7512;8959;7582;6014;9212;5709;8497;7885;5451;891;6739;523;9254;5145;7829
Paraíba;02ª GRE;Sertãozinho;EEEF BELMIRA ARRUDA ALCOFORADO;814;6528;9506;6298;8289;7837;520;826;8558;6422;5345;7596;533;8728;713;7945;715;988
Paraíba;02ª GRE;Solânea;ECIT ALFREDO PESSOA DE LIMA;9429;5448;5212;5897;7054;9635;7365;857;9762;923;9122;6097;7269;7853;8274;7913;837;7453
Paraíba;02ª GRE;Solânea;EEEFM CELSO CIRNE;9855;5498;8345;7341;8455;8769;811;5987;8098;9137;5435;5609;6492;7996;8068;6207;9821;704
Paraíba;02ª GRE;Solânea;EEEF PADRE GERALDO DA S PINTO;9478;6768;6239;6619;942;9317;9394;6947;8682;9517;7504;9043;7217;756;9746;9939;5483;8601
Paraíba;02ª GRE;Solânea;EEEM ARLINDO RAMALHO;9099;6199;9489;9033;8607;8079;6035;7944;5488;6872;6914;7943;6501;532;803;756;5429;9518
Paraíba;02ª GRE;Tacima; ECI DOUTOR TERCILIO TEIXEIRA DA CRUZ;543;8055;7062;6394;6209;5236;976;8804;7428;8997;5488;7686;6309;7523;539;7166;6604;7208
Paraíba;02ª GRE;Tacima;EEEFM PEDRO TARGINO;8163;9822;9672;8546;9417;5387;7244;8431;5264;792;8005;9689;8163;5275;7943;7966;8962;9139
Paraíba;03ª GRE;Alagoa Grande;ECIT OSWALDO TRIGUEIRO DE ALBUQUERQUE MELO;5483;7506;9223;7339;5744;9079;6391;7777;9331;8755;9755;8363;5246;7447;6016;7992;587;8759
Paraíba;03ª GRE;Alagoa Grande;EEEF DEMONSTRACAO ALAGOA GRANDE;7029;9436;9856;7982;6998;826;8018;813;7977;9975;5875;9317;9829;8895;603;5983;7314;9448
Paraíba;03ª GRE;Alagoa Grande;EEEFM PADRE HILDON BANDEIRA;9033;9261;565;7102;9216;537;5757;698;7393;897;985;6592;5634;9268;7981;9198;6253;9787
Paraíba;03ª GRE;Alagoa Nova;ECIT MONSENHOR JOSÉ BORGES DE CARVALHO;8862;9904;5237;6747;8056;5036;6703;6738;8237;5084;6558;6682;6786;8953;8286;620;9587;6931
Paraíba;03ª GRE;Alagoa Nova;EEEFM PROFESSOR CARDOSO;6856;9892;6884;5022;5374;9903;9125;5546;7288;8532;6965;9139;9697;5177;6924;7125;5446;6788
Paraíba;03ª GRE;Algodão de Jandaíra;ECI EUCLIDES MOUZINHO DOS SANTOS;6378;9228;7191;5742;6265;8806;7786;7366;5456;7853;5459;9962;5528;7613;7908;8399;7709;6493
Paraíba;03ª GRE;Areial;ECI PREFEITO FRANCISCO APOLINÁRIO SILVA;8128;6657;7644;6752;9661;5216;7906;8265;5294;6155;9204;5654;8925;9866;6162;8377;7077;9946
Paraíba;03ª GRE;Boa Vista;ECI TEODÓSIO DE OLIVEIRA LEDO;6693;6307;6692;7711;8945;6916;5059;828;5165;5259;5984;8649;9386;9446;5479;9052;8591;5208
Paraíba;03ª GRE;Campina Grande;ECI ASSIS CHATEAUBRIAND;5551;9412;8022;7119;9261;9925;7155;5232;8503;6234;9437;6182;6214;6436;8917;9116;7486;5445
Paraíba;03ª GRE;Campina Grande;ECI AUDIOCOMUNICAÇÃO DE CAMPINA GRANDE DEMÓSTENES CUNHA LIMA;9721;8259;7955;8494;5155;7418;5112;7706;5537;9645;9436;5513;7647;5036;7252;8756;5929;6624
Paraíba;03ª GRE;Campina Grande;ECI DEPUTADO ÁLVARO GAUDENCIO DE QUEIROZ;704;869;5687;6445;8606;6161;9198;5455;9843;5499;7811;544;7066;7232;763;8006;723;9982
Paraíba;03ª GRE;Campina Grande;ECI Félix Araújo;9698;6134;5319;9336;8354;6248;7737;7403;6582;7352;6101;9893;5266;7211;764;8095;6508;5986
Paraíba;03ª GRE;Campina Grande;ECI HORTENCIO SOUSA RIBEIRO;5822;7285;9845;8205;8018;8458;6184;6821;8833;802;7972;5474;8166;7422;5899;590;9783;573
Paraíba;03ª GRE;Campina Grande;ECI IRMÃ JOAQUINA SAMPAIO;707;8411;7746;8805;5829;7644;6099;646;8237;8593;7571;7351;7418;9164;6856;7638;6229;6925
Paraíba;03ª GRE;Campina Grande;ECI JOSÉ MIGUEL LEÃO;8456;8153;7353;8454;7446;7524;5294;7441;6141;9688;7172;8359;5049;7354;9481;7929;504;651
Paraíba;03ª GRE;Campina Grande;ECI MONSENHOR SALES;8246;5997;6621;9527;8457;9022;726;5235;7002;8411;6041;5201;5809;6691;5009;6367;8221;7534
Paraíba;03ª GRE;Campina Grande;ECI MONTE CARMELO;7607;9645;5284;9635;9051;5967;8606;8484;8244;8099;7662;677;6348;9826;7103;5536;7647;6408
Paraíba;03ª GRE;Campina Grande;ECI PROFESSOR ITAN PEREIRA;6745;581;8005;5393;500;9443;5396;734;7397;9824;5039;9356;8042;7223;5484;7311;5879;6447
Paraíba;03ª GRE;Campina Grande;ECIT DOUTOR ELPIDIO DE ALMEIDA;906;7366;9029;9242;507;9324;7816;7531;7483;5141;9428;5749;6699;7331;7635;9281;7797;7864
Paraíba;03ª GRE;Campina Grande;ECIT IRMÃ STEFANIE;8721;7565;5148;8619;5368;5314;7198;6562;937;8053;661;8378;533;6697;5667;8285;7968;9141
Paraíba;03ª GRE;Campina Grande;ECIT NENZINHA CUNHA LIMA;8279;6707;5474;5587;8909;6661;9596;9201;8151;7408;9855;7712;841;8167;7359;9691;7345;8595
Paraíba;03ª GRE;Campina Grande;ECIT PREFEITO WILLIAMS DE SOUSA ARRUDA;7699;9914;9124;6943;819;5334;8828;6256;9639;6952;8063;8377;8926;7973;6026;5631;845;9948
Paraíba;03ª GRE;Campina Grande;ECIT PROFESSOR ANÉSIO LEÃO;5786;9319;5342;7781;8071;9479;7375;5165;9895;7612;8658;6497;5471;7325;5956;5075;9205;9177
Paraíba;03ª GRE;Campina Grande;ECIT PROFESSOR BRAÚLIO MAIA JÚNIOR;8204;9176;8134;9933;6668;9919;5688;5588;9767;8395;6155;9113;8449;5457;9819;9004;9322;856
Paraíba;03ª GRE;Campina Grande;ECIT PROFESSOR RAUL CÓRDULA;6837;6549;8995;8966;7584;8705;9254;6783;6507;9904;6053;6737;7323;6285;8395;906;9488;8567
Paraíba;03ª GRE;Campina Grande;ECIT SEVERINO CABRAL;5527;6447;9329;9079;5967;7908;5989;9293;7651;6185;6497;9438;8645;6885;5754;9597;8195;7232
Paraíba;03ª GRE;Campina Grande;ECI VIRGINIUS DA GAMA E MELO;9766;9128;7455;5435;8125;5656;5294;8973;5476;7078;6875;8216;5638;5119;7997;6543;8392;7118
Paraíba;03ª GRE;Campina Grande;EECI Solon de Lucena;8732;6314;5881;5358;6213;7425;5429;8652;5485;529;5326;891;5111;733;6683;5007;945;6974
Paraíba;03ª GRE;Campina Grande;EEEF ANTONIO VICENTE;6787;6766;5767;6642;9169;9266;9454;8761;6928;6194;6258;5174;9666;7827;7554;5204;5156;6198
Paraíba;03ª GRE;Campina Grande;EEEF AUGUSTO DOS ANJOS;9085;9573;5284;9488;8363;7034;7016;6578;8737;697;9707;7592;7867;5707;9143;5365;6384;6697
Paraíba;03ª GRE;Campina Grande;EEEF DE APLICACAO;5767;6346;8907;7418;7394;6218;7728;9105;6585;6055;8382;8482;7561;6905;8906;6898;6421;8161
Paraíba;03ª GRE;Campina Grande;EEEF DOM HELDER CAMARA;6814;8313;5414;8805;7904;8868;570;9283;7385;5276;9601;9019;5844;6344;6456;625;5879;8545
Paraíba;03ª GRE;Campina Grande;EEEFM ADEMAR VELOSO SILVEIRA;924;603;772;8476;5158;9522;8792;9267;5844;6982;8137;511;5259;9359;5518;6847;7214;6965
Paraíba;03ª GRE;Campina Grande;EEEF MARIA EMILIA OLIVEIRA DE ALMEIDA;7376;5164;8333;628;9433;7303;9952;7086;8297;6825;945;5999;8949;5095;8206;7497;5311;5603
Paraíba;03ª GRE;Campina Grande;EEEFM CAIC JOSÉ JOFILLY;7567;5878;7098;9168;5547;8436;8888;9987;9137;6487;5086;8802;975;6993;9746;5964;7765;565
Paraíba;03ª GRE;Campina Grande;EEEFM CLEMENTINO PROCOPIO;6815;7453;937;7474;9464;6817;8416;9199;6822;6287;6105;8251;8669;561;5195;6456;8321;7006
Paraíba;03ª GRE;Campina Grande;EEEFM DOM LUIZ GONZAGA FERNANDES;9382;7546;8985;9186;9426;8443;9258;8285;5402;8848;5006;5503;7338;504;6432;9478;8814;6369
Paraíba;03ª GRE;Campina Grande;EEEFM ESCRITOR ALCEU DO AMOROSO LIMA;768;6132;700;8539;8495;6484;519;6816;6845;5615;5167;8608;6716;692;8181;6358;6162;8477
Paraíba;03ª GRE;Campina Grande;EEEFM JOSE PINHEIRO;665;5355;5078;6013;9642;7031;9875;748;9433;7495;8699;577;6222;6248;5982;6599;7473;9683
Paraíba;03ª GRE;Campina Grande;EEEFM MAJOR VENEZIANO VITAL DO REGO;8467;8169;6896;5259;8172;6053;6797;7033;8581;8508;8848;8097;7239;7219;9983;793;7728;8621
Paraíba;03ª GRE;Campina Grande;EEEFM MARIA AUGUSTA LUCENA BRITO;6708;9852;9684;6614;5171;6645;5281;7462;9865;5671;8252;5395;8739;6437;8319;5428;7849;6765
Paraíba;03ª GRE;Campina Grande;EEEFM MONTE SANTO;6163;6827;8957;5232;813;5594;6671;8032;5063;5473;9551;5708;6631;9513;6423;561;7104;6648
Paraíba;03ª GRE;Campina Grande;EEEFM MURILO BRAGA;7693;8122;5565;505;5125;5762;9394;7629;9586;9429;747;9206;9229;5872;9036;7484;7686;9277
Paraíba;03ª GRE;Campina Grande;EEEFM NINA ALVES DE LIMA;9184;7449;5208;8167;9106;8277;8834;5489;6722;6021;6118;6697;6676;9175;6193;5189;6606;6426
Paraíba;03ª GRE;Campina Grande;EEEFM NOSSA SENHORA APARECIDA;9637;6006;993;9596;6018;6622;8324;9599;6232;8759;791;7752;8895;5613;9116;9339;7774;8172
Paraíba;03ª GRE;Campina Grande;EEEFM PAULO FREIRE;5873;9978;9431;8352;9735;9288;7092;8372;9619;6438;6329;6011;5328;931;5907;8897;6849;8898
Paraíba;03ª GRE;Campina Grande;EEEFM POETA CARLOS DRUMOND DE ANDRADE;7267;7871;6235;687;7209;7176;9042;644;5367;7013;7262;6287;9984;5379;7343;784;8658;6446
Paraíba;03ª GRE;Campina Grande;EEEFM POETISA VICENTINA FIGUEIREDO VITAL DO REGO;902;8272;5965;5955;8868;5684;6298;7663;8005;6185;6507;7672;9751;8192;9027;6703;726;819
Paraíba;03ª GRE;Campina Grande;EEEFM REITOR EDVALDO DO Ó;8085;7342;704;6028;9784;9852;8778;8303;9927;7433;9636;5025;5378;5202;8409;7295;7133;5048
Paraíba;03ª GRE;Campina Grande;EEEFM RUBENS DUTRA SEGUNDO;9687;987;592;7539;8483;8505;633;6772;5042;9812;8418;8655;9717;6346;5215;9602;8354;9829
Paraíba;03ª GRE;Campina Grande;EEEFM SAO SEBASTIAO;7375;5544;5192;6031;9651;7064;9213;7063;7237;8239;7443;8907;5342;9163;9592;5663;9424;9361
Paraíba;03ª GRE;Campina Grande;EEEFM SENADOR ARGEMIRO DE FIGUEIREDO;8358;9343;8994;8036;8796;750;8451;6742;9372;599;7149;6047;7792;5803;6281;9754;8197;7524
Paraíba;03ª GRE;Campina Grande;EEEFM SENADOR HUMBERTO LUCENA;5899;9117;8314;5999;785;9262;6648;8679;6073;5176;8166;6152;8634;7937;5234;5236;9826;5312
Paraíba;03ª GRE;Campina Grande;EEEFM WALNYZA BORBOREMA CUNHA LIMA;8705;5203;7021;575;769;907;8973;7863;724;977;940;5051;5144;6075;7333;8805;9766;6734
Paraíba;03ª GRE;Campina Grande;EEEFM ZULEIDE CAVALCANTE PORTO;8814;7965;8393;6846;9485;6234;9241;541;8609;5858;5276;762;8722;6687;9949;8457;6687;863
Paraíba;03ª GRE;Campina Grande;EEEF NOSSA SENHORA DO ROSARIO;6227;6062;824;8879;6032;5707;7273;9589;5028;7526;680;9528;8905;5414;5907;7106;9591;7775
Paraíba;03ª GRE;Campina Grande;EEEF SANTO ANTONIO;5323;8605;8915;8314;7317;9206;9159;8648;7104;6405;9379;5591;6373;9206;5892;8407;5314;8307
Paraíba;03ª GRE;Campina Grande;EEEM ANTÔNIO GUEDES DE ANDRADE;5379;7561;5778;5098;9039;6335;6848;8608;6964;7769;9321;8846;9024;8157;6297;9991;934;6337
Paraíba;03ª GRE;Campina Grande;EEEM ISABEL RODRIGUES DE MELO;8898;9077;7625;5014;9783;7356;6055;6884;6092;5274;760;8008;9258;8596;7562;788;8969;6079
Paraíba;03ª GRE;Campina Grande;EEEM PADRE EMIDIO VIANA CORREIA;5248;5735;6053;8031;9127;7092;5061;6145;8766;8865;9956;6098;9186;645;8526;8464;9284;6969
Paraíba;03ª GRE;Campina Grande;EEEM PROFESSOR ANTONIO OLIVEIRA;8228;834;7281;7183;9982;732;806;7406;8126;7928;6128;5439;9303;6061;9599;5746;8622;5304
Paraíba;03ª GRE;Esperança;ECIT MONSENHOR JOSÉ DA SILVA COUTINHO;8351;9981;7049;6188;5951;689;7828;9692;5261;8476;6736;8556;5603;5372;9425;780;5071;6154
Paraíba;03ª GRE;Esperança;EEEFM IRINEU JOFFILY;7393;5709;6918;9772;9576;898;8426;6958;912;975;7005;8356;6604;5421;5832;6409;8465;7162
Paraíba;03ª GRE;Lagoa Seca;ECIT FRANCISCA MARTINIANO DA ROCHA;9414;666;9686;5176;8573;5502;8413;6183;5945;5853;9589;874;5811;9941;766;6588;8975;6347
Paraíba;03ª GRE;Massaranduba;ECI MARIA ZECA DE SOUZA;6483;9578;6832;9965;6807;8289;6543;7581;9931;9489;6333;9998;9949;840;7521;6652;7531;8129
Paraíba;03ª GRE;Massaranduba;EEEFM EVERALDO AGRA;8407;691;8009;5485;8742;7322;766;5309;6664;7944;7158;8263;6351;8345;6637;9075;5372;707
Paraíba;03ª GRE;Matinhas;ECIT POETA MÁRIO VIEIRA DA SILVA;8394;6223;6347;6798;5708;9478;824;7846;6033;7082;8772;8632;8371;6808;5079;9088;7277;9354
Paraíba;03ª GRE;Matinhas;EEEFM DESEMBARGADOR ARTHUR VIRGINIO DE MOURA;8862;5834;7865;9624;591;6319;5189;7729;8659;8044;5892;6624;9066;5342;774;845;8219;6938
Paraíba;03ª GRE;Montadas;ECI MARIA JOSÉ DE SOUZA;8274;9303;8433;8113;8194;9442;9428;9353;5383;5861;8689;9959;9536;7731;8217;794;8206;6418
Paraíba;03ª GRE;Natuba;ECIT FRANCISCO DE ALBUQUERQUE MONTENEGRO;6864;8093;9168;6838;7894;8617;6947;627;7308;9288;8101;7647;9829;5156;807;8015;6149;5056
Paraíba;03ª GRE;Olivedos;ECI PROFESSOR MARIA JOSE COSTA DE ALBUQUERQUE;7074;5712;5458;5063;8763;7396;9546;6146;5866;9282;7072;5874;6353;7453;7701;8218;7599;9579
Paraíba;03ª GRE;Pocinhos;ECIT ANTONIO GALDINO FILHO;8934;692;7956;9753;6725;856;8342;8091;8553;5345;8688;8892;5804;6897;7414;6628;5953;9493
Paraíba;03ª GRE;Puxinanã;ECIT PLÍNIO LEMOS;5622;6759;581;5884;775;7909;9855;8554;9547;8864;8938;9047;8664;6235;6011;7987;7822;9146
Paraíba;03ª GRE;Puxinanã;EEEM CONEGO ANTONIO GALDINO;9452;9106;8998;7572;5987;7439;5885;5279;5954;8118;7125;8593;6585;5195;655;7618;6817;8577
Paraíba;03ª GRE;Puxinanã;EEEM SEVERIANO PEDRO DO NASCIMENTO;5268;8489;8095;6642;5993;790;9947;9963;530;8632;998;8861;7445;8311;758;8578;5895;7064
Paraíba;03ª GRE;Remígio;ECIT JOSÉ BRONZEADO SOBRINHO;672;8524;8865;8308;5554;7274;8467;8696;9299;5192;744;5391;947;5813;5951;8191;9675;8314
Paraíba;03ª GRE;Remígio;EEEFM DOUTOR CUNHA LIMA;5359;9718;7187;8943;890;9671;868;6695;9451;5152;6068;8849;6565;5286;670;6005;6882;7768
Paraíba;03ª GRE;São Sebastião de Lagoa de Roça;ECI MONSENHOR JOSÉ BORGES;5252;5811;6053;8599;8057;7343;8079;7192;8606;8917;5121;6601;7399;8249;7856;6622;6433;5005
Paraíba;03ª GRE;São Sebastião de Lagoa de Roça;EEEF ELIDIO SOBREIRA;5876;8229;5305;513;7395;815;9843;5884;9955;7566;9149;966;7776;5125;5158;6812;6361;9442
Paraíba;03ª GRE;Serra Redonda;ECIT DOM ADAUTO;995;8757;5758;6733;7647;7232;902;7086;9681;5356;5084;5488;9265;8641;9839;8888;7089;892
Paraíba;03ª GRE;Soledade;ECIT DOUTOR TRAJANO NOBREGA;7897;5621;6939;7289;9854;940;9984;6641;702;8581;6969;8566;9302;6629;8627;6596;556;9785
Paraíba;03ª GRE;Soledade;EEEM PADRE JOSÉ ANTÔNIO MARIA IBIAPINA;7384;9391;9841;7592;5543;880;838;9325;6199;6822;9149;9434;5463;8648;9024;8005;593;5467
Paraíba;04ª GRE;Baraúna;ECI Prefeito Severino Pereira Gomes;5844;7532;6575;6064;6118;7887;5089;6676;6735;5678;6785;9432;8828;9867;9596;7786;9828;6717
Paraíba;04ª GRE;Barra de Santa Rosa;ECIT Jose Luiz Neto;9091;9039;736;6456;8925;8844;5972;5793;5775;6674;5046;7655;9325;5081;6676;7323;6119;518
Paraíba;04ª GRE;Cubati;ECIT Iolanda Tereza Chaves Lima;8451;7214;5804;5097;838;7836;8975;5464;8986;9106;9113;8176;8159;7269;8976;6329;7929;8232
Paraíba;04ª GRE;Cuité;ECI Orlando Venancio dos Santos;582;9953;7573;7045;6329;7877;8773;541;5362;5625;5462;6264;8406;6313;5854;9962;9007;5444
Paraíba;04ª GRE;Cuité;ECI Pedro Henrique da Silva;9218;7469;9779;8413;5111;5069;9701;7224;9775;887;6336;9426;5925;7046;827;8261;7999;9615
Paraíba;04ª GRE;Cuité;ECIT Jornalista Jose Itamar da Rocha Cândido;7448;898;7778;758;848;8605;5926;6487;9128;676;6243;8703;6536;6396;7114;6952;611;7741
Paraíba;04ª GRE;Cuité;EEEFM Andre Vidal de Negreiros;634;8692;7594;711;918;584;9981;6716;8679;6863;540;6578;9575;8139;9275;7162;8277;5886
Paraíba;04ª GRE;Damião;ECIT Francisco Marques de Melo;6924;855;804;8839;7842;749;8835;7301;6959;8922;5094;5108;5177;5017;699;7638;9954;9277
Paraíba;04ª GRE;Frei Martinho;ECI Prefeito Aguitônio Dantas;6811;7705;522;761;6814;7746;8249;6404;6318;5718;9029;7881;833;693;8721;7595;9993;7772
Paraíba;04ª GRE;Nova Floresta;ECIT José Rolderick de Oliveira;5173;5252;9779;6659;7724;9658;6568;687;8705;7806;858;6939;8821;900;6343;5861;7623;9725
Paraíba;04ª GRE;Nova Palmeira;ECI Antônio Coelho Dantas;8498;9048;790;5736;5697;6497;9049;9206;5035;6847;8617;5489;9096;7654;5883;7472;7734;8776
Paraíba;04ª GRE;Pedra Lavrada;ECI Graciliano Fontini Lordao;5737;5216;6631;6427;9359;7624;6369;8007;8874;7819;5927;8492;7112;6619;9128;6467;9581;7036
Paraíba;04ª GRE;Pedra Lavrada;EEEM Matildes de Melo Buriti;9794;5006;6955;7982;5875;6438;5961;8356;6252;5704;6264;5771;7462;7294;9873;5254;651;762
Paraíba;04ª GRE;Picuí;ECIT Professor Lordão;5021;5887;9029;537;9449;5556;7331;6884;5827;982;9939;885;8398;7759;9673;9996;9221;6314
Paraíba;04ª GRE;Picuí;EEEM Felipe Tiago Gomes;7904;8429;5043;5727;8398;5283;5273;7063;8065;6044;959;5981;8874;8267;9434;6038;8319;9769
Paraíba;04ª GRE;Picuí;EEEM Severino Gregorio Dantas;969;7252;6383;6722;9212;7215;9741;5605;9912;5602;9013;8392;747;8021;8758;5713;7555;869
Paraíba;04ª GRE;São Vicente do Seridó;ECIT Cicero dos Anjos;9161;6468;7858;7457;9707;8499;5122;8747;9335;9983;8573;6255;9309;6193;5201;8641;5923;9501
Paraíba;04ª GRE;São Vicente do Seridó;EEEF Inacio Claudino;5753;6268;6179;7832;6413;6988;8108;7524;8634;8903;9889;501;6799;6208;6042;8842;8626;6133
Paraíba;04ª GRE;Sossêgo;ECI Jose Vitorino de Medeiros;8535;6348;784;955;8256;8566;7453;6392;6852;5686;7546;7663;5547;7252;8871;9552;548;5635
Paraíba;05ª GRE;Amparo;ECI de Amparo;855;5829;5219;9397;5899;9791;5935;7897;7907;9133;9442;5658;7223;5469;8398;5059;5178;7926
Paraíba;05ª GRE;Camalaú;ECIT Pedro Bezerra Filho;578;7924;9026;6043;6067;6498;5812;7783;9053;5777;5693;8046;8128;655;9005;7064;8827;8097
Paraíba;05ª GRE;Caraúbas;ECI Cel Serveliano de Farias Castro;9577;7343;5056;5161;8619;9348;8376;5194;9193;6549;5764;6336;6267;9633;8537;5697;6424;7391
Paraíba;05ª GRE;Congo;ECIT Manoel Alves Campos;5734;9777;9045;7436;5017;9858;8097;6511;7162;7558;7361;5939;547;7998;7891;6998;5079;6714
Paraíba;05ª GRE;Coxixola;ECI  Manoel Honorato Sobrinho;5955;6633;7783;9261;8514;9777;5523;8967;6306;5976;7675;6056;8832;6873;9501;6608;6637;5055
Paraíba;05ª GRE;Gurjão;ECIT Juarez Maracajá;8603;6737;8043;5316;8135;6904;5068;6852;6713;5583;8719;7931;8029;7719;7981;8142;5216;9006
Paraíba;05ª GRE;Livramento;ECIT João Lelys;5227;7663;9686;6945;9561;952;7678;8886;5545;6745;8519;7684;7927;6189;6842;7013;5087;7205
Paraíba;05ª GRE;Monteiro;ECIT José Leite de Souza;7804;8483;8489;8227;5358;9424;6335;690;8031;7622;7671;6255;960;5864;5642;8111;8653;5343
Paraíba;05ª GRE;Monteiro;EEEFM Miguel Santa Cruz;5023;5963;9667;8819;6657;5137;6815;9207;6536;7825;7359;8692;5489;8179;578;5487;7474;8515
Paraíba;05ª GRE;Monteiro;EEEM Bento Tenório de Sousa;6064;8407;8749;9386;8104;9199;869;6222;814;5766;8088;5718;8163;8763;6226;5398;7672;7442
Paraíba;05ª GRE;Monteiro;EEEM João de Oliveira Chaves;7153;9475;7307;693;5188;9003;7475;8626;6857;9897;6355;5089;5715;8474;726;6228;9652;5112
Paraíba;05ª GRE;Ouro Velho;ECI Nossa Senhora das Graças;8503;810;8785;7917;7882;8476;9831;6296;7192;5011;5116;6004;6619;5258;5215;8224;8671;9215
Paraíba;05ª GRE;Parari;ECI Jairo Aires Caluête;9708;8871;9693;9469;8924;9517;9243;6758;9064;9799;7018;5418;5114;9004;6152;6178;9196;6283
Paraíba;05ª GRE;Prata;ECIT Francisco de Assis Gonzaga;6598;5189;6916;5926;5984;7139;6656;5124;5096;8397;615;6623;9811;9784;7767;6581;8833;5004
Paraíba;05ª GRE;Santo André;ECIT Profª Neir Alves Porto;5642;5698;5532;651;5809;8117;848;6284;7829;7359;5828;6667;5162;5113;9983;6877;6303;6543
Paraíba;05ª GRE;São João do Cariri;ECIT Jornalista José Leal Ramos;9318;605;8791;8084;5644;9898;9127;8705;8119;8858;6074;7232;8675;7828;7515;5378;9875;5107
Paraíba;05ª GRE;São João do Cariri;EEEF Severino Medeiros Ramos;7493;7165;7308;6634;9381;7103;7848;9755;9378;7028;8274;7506;6252;9441;7781;744;9846;9866
Paraíba;05ª GRE;São João do Tigre;ECI Mário Oliveira Chaves;8434;9887;9661;9524;5921;8328;6117;5801;9084;7268;9999;6456;6798;6646;6414;9194;6616;8273
Paraíba;05ª GRE;São José dos Cordeiros;ECI Bartolomeu Maracajá;9434;886;5486;6171;5612;8619;8963;9657;642;6313;8071;9901;6032;5871;5515;6064;6159;8081
Paraíba;05ª GRE;São Sebastião do Umbuzeiro;ECI Malaquias Batista Feitosa;6532;6543;632;5495;5826;6176;5286;5355;6321;7039;853;883;802;6502;610;5029;8482;768
Paraíba;05ª GRE;Serra Branca;ECIT Inácio Antonino;9312;7628;596;9927;5256;5089;8299;6922;9279;5826;8258;7685;6914;7168;7875;7005;5453;9461
Paraíba;05ª GRE;Serra Branca;EEEFM Maria Balbina Pereira;7802;9843;911;529;7084;6201;7203;6005;8249;7962;9905;7479;7349;690;637;9416;5409;9012
Paraíba;05ª GRE;Serra Branca;EEEF Vasconcelos Brandão;7016;9166;522;502;956;7865;5194;8169;758;7155;5696;635;7712;6868;6835;7616;9964;8858
Paraíba;05ª GRE;Serra Branca;EEEM Senador José Gaudêncio;5647;9683;9054;9051;7264;6721;5548;8598;9071;6205;5966;7338;7005;5298;7213;7546;9357;5724
Paraíba;05ª GRE;Sumé;ECIT José Gonçalves de Queiroz;9337;5184;6702;8988;858;6495;7837;6094;6537;6579;8065;7491;5579;9389;9996;6732;8217;8192
Paraíba;05ª GRE;Zabelê;ECI Profª Maria Celeste do Nascimento;5759;891;5513;5195;9581;8325;8896;5331;8713;7749;7915;8564;5144;5304;763;5879;8919;8868
Paraíba;06ª GRE;Areia de Baraúnas;EEEFM Clovis Satiro;8673;9008;9911;9783;5097;8021;8519;513;6251;9303;9589;8523;9511;8761;642;9068;6007;9033
Paraíba;06ª GRE;Assunção;EECI  Joao Rogerio Dias Toledo;5435;9964;6264;5068;9238;5146;7256;6063;838;8199;9378;5676;9911;987;7903;6568;8566;7453
Paraíba;06ª GRE;Cacimba de Areia;Escola Cidadã Integral Estadual De Ensino Médio Aldo Satiro Xavier;6845;8747;8423;7624;5518;9186;6869;9596;9237;7335;7914;8241;9765;5125;9507;596;5859;7321
Paraíba;06ª GRE;Cacimbas;ECIT Estadual Pedro Terto da Cunha;8684;7494;9672;8384;5852;6765;9801;8603;7887;6847;814;9486;8476;9994;765;5826;5357;6849
Paraíba;06ª GRE;Catingueira;Ecit Inacio da Catingueira;5356;7403;677;9198;6946;6145;9116;7965;6673;6726;9019;9919;513;9884;9573;5578;7917;8972
Paraíba;06ª GRE;Desterro;Eci Gertrudes Leite;7625;8799;5315;524;7575;6644;9609;9195;998;6636;6581;9349;9292;944;9571;5561;7408;6587
Paraíba;06ª GRE;Desterro;EEEF Silveira Dantas;7863;979;8671;8229;6078;9221;543;7024;8778;6034;9288;5131;5595;5171;9349;8061;6054;8813
Paraíba;06ª GRE;Emas;ECIT de Ensino Fundamental e Médio Profª Margarida Remigio Loureiro;5613;745;9014;8749;611;6475;9319;5257;5032;600;8151;6422;6146;7774;5315;8782;9923;9286
Paraíba;06ª GRE;Juazeirinho;EECIT Deputado Genival Matias;5856;6177;8671;9739;9895;8264;6276;906;8075;7249;8374;9987;8887;9307;7216;6192;9303;6581
Paraíba;06ª GRE;Juazeirinho;EEEFM Deputado Pedro Pascoal de Oliveira;8488;7347;8629;6451;8329;7979;9086;7376;729;5981;5337;808;8885;5355;8944;7039;7725;5256
Paraíba;06ª GRE;Junco do Seridó;ECIT Ezequiel Fernandes;6479;8164;9854;9585;5799;7031;8289;8037;5975;931;7685;8843;6368;9465;8234;6219;7132;5979
Paraíba;06ª GRE;Mãe d'Água;EEEFM Francisco Romano da Silveira;5485;7795;7602;9557;9078;5011;7707;6385;6821;6615;8049;8642;9539;9953;8407;589;6293;9313
Paraíba;06ª GRE;Malta;Ecit Doutor Antonio Fernandes Medeiros;8759;7783;9007;679;7775;545;5494;5015;6193;6262;7175;9319;9255;6809;7212;605;994;7913
Paraíba;06ª GRE;Maturéia;E.C.I.E.E.M. Antônio Moacir Dantas Cavalcanti;7663;861;8572;5687;5806;7105;7076;540;8347;5504;8465;5661;668;8756;9785;9188;6147;9308
Paraíba;06ª GRE;Passagem;EEEM Conego Machado;8482;9933;6513;5719;5598;9974;7625;8026;7049;6623;9606;8681;8913;5711;9633;682;6215;759
Paraíba;06ª GRE;Patos;Eci Auzenir Lacerda;9444;859;748;5386;5819;9467;8232;7949;6233;6975;5655;7823;8592;5303;8969;8248;6451;6696
Paraíba;06ª GRE;Patos;Eci Doutor Dionísio da Costa;7435;6462;5066;7845;7348;8075;594;9927;814;7127;7657;6558;582;7044;8334;7179;6709;5235
Paraíba;06ª GRE;Patos;Eci Estadual de Ensino Fundamental e Médio Monsenhor Manoel Vieira;8462;9382;7412;7811;7714;9684;9932;8255;9095;8915;7471;7754;8178;5337;7028;6443;657;9254
Paraíba;06ª GRE;Patos;Ecit Lynaldo Cavalcanti de Albuquerque;7562;506;6591;6901;7025;5812;9007;5558;8477;9041;8243;7809;921;9814;670;5017;5042;6406
Paraíba;06ª GRE;Patos;EEEF Coriolano de Medeiros;8662;579;6695;9659;6651;5225;5982;6167;6558;6988;6808;6708;8161;9196;5341;8766;9297;5655
Paraíba;06ª GRE;Patos;EEEFM Antonia Araujo;5315;6611;8474;8702;8778;6931;7566;9851;9533;5657;5547;7969;6084;529;566;8353;5214;7698
Paraíba;06ª GRE;Patos;EEEFM Lucia Wanderley de Freitas;9535;7252;7427;6274;5938;593;9751;8908;7743;937;8112;8169;5768;7728;9352;6781;6993;5867
Paraíba;06ª GRE;Patos;EEEFM Professor Jose Gomes Alves;5912;8746;8866;5484;8439;5538;835;8452;8023;5906;6426;7197;6615;9192;6953;5228;6066;5777
Paraíba;06ª GRE;Patos;EEEF Profa Maria Nunes;8935;8753;6891;9196;825;6132;7065;9783;9698;9878;9867;8786;7961;6458;7038;7208;9439;8335
Paraíba;06ª GRE;Patos;EEEF Rio Branco;9224;5211;6091;9181;5511;7869;966;7989;7437;6519;714;9621;5955;9648;7829;5441;6272;8229
Paraíba;06ª GRE;Patos;Ene D Expedito e de Oliveira;9005;836;6462;649;7002;8401;9582;5829;572;9069;7466;6756;7808;5528;6209;5974;502;8691
Paraíba;06ª GRE;Quixaba;EEEFM Herculano Pereira;8579;955;9516;6763;6694;8771;614;7215;7801;6432;9191;7154;7377;7988;7731;9159;9005;7123
Paraíba;06ª GRE;Salgadinho;EEEM Fenelon Nobrega;6157;6308;678;5762;8368;7476;8734;9413;8776;8882;8876;579;5671;9498;6636;7972;9277;6689
Paraíba;06ª GRE;Santa Luzia;Eci EEF Coelho Lisboa;7283;7189;6518;6688;6513;8165;9347;8948;8373;9089;9612;9256;9804;5694;7909;5817;9943;931
Paraíba;06ª GRE;Santa Luzia;Ecite Padre Jeronimo Lauwen;9916;5495;9933;7003;7354;6582;6518;5252;6826;9208;6597;9933;5162;7666;9829;6414;6658;954
Paraíba;06ª GRE;Santa Luzia;EEEFM Arlindo Bento de Morais;7154;6652;773;917;935;5601;9501;5011;7007;6893;7449;9001;8442;5488;5559;5739;7898;5594
Paraíba;06ª GRE;Santa Teresinha;EEEFM Professor Joao Noberto;6313;5718;8248;6955;5856;8869;7432;9839;8426;5164;6948;5515;7521;9626;8776;9918;884;6571
Paraíba;06ª GRE;São José de Espinharas;EEEFM Jose Americo de Almeida;6432;6403;710;6912;9474;876;715;5242;9982;9259;7617;5002;687;9914;8146;5961;661;5051
Paraíba;06ª GRE;São José do Bonfim;Eci EEM Maria de Lourdes Meira;6622;651;9542;5809;6644;8684;9295;8025;9327;7831;6726;6326;5438;9726;5431;7954;755;6918
Paraíba;06ª GRE;São José do Sabugi;EEEFM Olavo Bilac;7273;6287;9131;7503;545;9469;6938;918;8264;6515;6405;5241;5599;5264;9862;9096;5238;7145
Paraíba;06ª GRE;São Mamede;EEEFM Napoleao Abdon da Nobrega;9281;8464;6497;595;5973;7689;8459;7558;5616;7809;8004;8771;7176;8696;7557;5074;9832;942
Paraíba;06ª GRE;São Mamede;Escola Cidadã Integral Técnica Estadual Seráfico Nóbrega;7117;7968;7284;7655;9538;6804;7724;5382;5769;8379;5261;7194;8653;8696;7373;6231;9052;9796
Paraíba;06ª GRE;Taperoá;EECIT  Melquiades Vilar;5104;6593;5762;7447;6904;6897;7749;8712;8727;939;5229;691;5431;6716;9928;7735;5211;7444
Paraíba;06ª GRE;Taperoá;EEEFM Felix Daltro;7097;5491;5942;925;5672;6634;8395;9201;9776;8126;6304;6717;9838;5412;5659;5074;8883;8391
Paraíba;06ª GRE;Teixeira;Ecit Sebastiao Guedes da Silva;6544;7235;745;6332;5716;9726;8762;6421;6165;5464;7518;5622;7705;9251;7584;5136;5322;6151
Paraíba;06ª GRE;Teixeira;EEEFM Dr Manoel Dantas;8892;6009;6139;7541;6488;7657;524;8793;8355;7167;9583;8634;9408;7079;9764;9969;7923;9511
Paraíba;06ª GRE;Tenório;ECI Maria Lidia Rangel;676;8241;9017;7607;6262;8559;6491;9161;5022;9932;7922;9801;864;628;9723;8068;9039;5859
Paraíba;06ª GRE;Várzea;ECIEEM Odilon de Figueiredo;8279;8215;9345;5923;7008;7675;5724;6214;8594;7146;8381;8589;9238;5725;8887;6638;634;5182
Paraíba;07ª GRE;Aguiar;Eci EEM Agenor Mendes Pedrosa;6432;5243;5075;7196;6357;9843;5577;8354;9582;645;9834;6881;9684;5494;7112;8081;916;707
Paraíba;07ª GRE;Boa Ventura;Eci EEM João Cavalcante Sula;6571;7525;9055;9849;8326;9059;8568;915;7891;6708;7438;6376;7237;8681;5249;5444;5949;5465
Paraíba;07ª GRE;Conceição;Ecite Maestro Jose Siqueira;6912;9959;7771;5487;9278;8663;6814;6883;6123;9068;7013;6705;7458;7396;8928;9888;9241;7221
Paraíba;07ª GRE;Conceição;EEEF Calula Leite;7352;9516;6325;9897;7985;6936;9609;9648;6823;6279;6702;9107;7545;6798;8066;9695;7251;820
Paraíba;07ª GRE;Conceição;EEEF Jose Leite;8739;5773;9894;956;980;8837;9324;9898;6487;847;8301;5881;5897;5536;8934;5683;5219;6575
Paraíba;07ª GRE;Conceição;EEEF Nossa Senhora de Fatima;8518;5632;8237;929;885;7003;5721;5401;5143;6892;8803;720;7717;8487;8981;7356;8768;6123
Paraíba;07ª GRE;Coremas;Ecit Nobel Vita;8981;5649;8793;8434;8359;6889;9229;9977;7856;8365;7157;8578;6398;7157;8084;514;846;5176
Paraíba;07ª GRE;Coremas;EEEF Ministro Carlos Luiz de Araujo;7106;9773;7416;9942;5195;9659;5569;9916;7695;7892;7972;5847;8816;5963;5724;6409;716;7306
Paraíba;07ª GRE;Curral Velho;ECIEEM CORONEL ZUZA LACERDA;8605;9263;6906;7557;7588;8356;8432;8025;9076;9385;9678;7494;6038;946;7565;5359;8211;9163
Paraíba;07ª GRE;Diamante;Ecit Professora Adilina de Souza Diniz;5974;7634;9314;9785;6033;7668;7035;6355;9118;9947;924;5233;7138;5975;7818;7105;7858;9857
Paraíba;07ª GRE;Diamante;EEEF Dr Ernesto de Sousa Diniz;979;5736;9368;8557;9574;9353;873;9388;7225;8267;9554;6448;5567;8924;5513;6687;9818;7036
Paraíba;07ª GRE;Diamante;EEEF Joana Abilio Pegado;6198;6566;6956;9236;5884;8292;6885;9285;691;6095;8566;9624;7331;6938;8366;5388;9509;6156
Paraíba;07ª GRE;Ibiara;ECIEEM Padre Manoel Otaviano;5078;688;7122;9186;8918;6742;6552;6575;7414;8941;6057;8276;8113;5241;9062;5371;7503;9858
Paraíba;07ª GRE;Ibiara;EEEF Franca Leite;9176;7394;6592;743;5363;9803;9839;9116;9348;5165;9931;7202;7212;7864;9775;5327;809;9121
Paraíba;07ª GRE;Igaracy;Eci Joselita Brasileiro;908;7611;7104;8068;8218;6363;732;9747;7666;7785;9406;9284;9227;9719;7507;9855;5748;5411
Paraíba;07ª GRE;Itaporanga;Eci Francelino de Alencar Neves;9401;7997;5501;506;6125;7533;9861;9652;9991;850;7652;9981;8375;9911;6777;8592;8087;6207
Paraíba;07ª GRE;Itaporanga;Ecit Itaporanga;6235;7612;5925;6848;9199;5219;913;7266;9921;9334;7106;6393;6723;7776;8722;6945;7859;543
Paraíba;07ª GRE;Itaporanga;EEEF SIMEÃO LEAL ;9457;8168;5935;6759;8019;7995;7372;5374;5982;5034;8911;6353;6818;9661;8311;9364;9925;8369
Paraíba;07ª GRE;Itaporanga;EEEM ADALGISA TEODULO DA FONSÊCA ;6441;8085;817;7706;8941;5194;752;8792;9067;5346;7095;9666;9782;9541;8212;6325;520;7513
Paraíba;07ª GRE;Nova Olinda;ECIT Joao Leite Neto;8197;8711;7873;7328;5965;6497;8361;9718;7065;8199;9232;8296;5883;6131;9353;955;8922;7422
Paraíba;07ª GRE;Olho d'Água;Eci EEM Antônio Avelino de Almeida;5224;7858;8954;9802;7162;6634;6886;6973;582;9468;7403;726;6128;9055;9592;9569;8073;9567
Paraíba;07ª GRE;Olho d'Água;EEEF Conego Manoel Otaviano;5423;5826;7635;7664;9541;6099;6531;7417;7664;6658;6753;635;8341;5599;9069;8944;9921;7463
Paraíba;07ª GRE;Pedra Branca;Eci EEM João de Sousa Primo;8561;8174;5107;7245;904;6293;7678;9879;9794;8767;801;5426;649;7271;9723;5533;5908;686
Paraíba;07ª GRE;Piancó;EEEIEF Ademar Leite;8704;7559;7126;607;5329;9941;6859;7065;8651;7398;7587;918;841;6332;9124;7928;9973;5143
Paraíba;07ª GRE;Piancó;ESCOLA CIDADÃ INTEGRAL E TECNICA ESTADUAL SANTO ANTONIO;7129;7866;7648;8281;7452;5024;5896;8353;6898;9009;9766;9693;6023;5856;8028;9997;7249;530
Paraíba;07ª GRE;Santa Inês;ESCOLA CIDADÃ INTEGRAL ESTADUAL DE ENSINO FUNDAMENTAL E MÉDIO ENÉAS LEITE;7864;7993;8566;5582;9099;6815;5836;8947;626;6014;9649;6221;5901;6098;8527;7996;8449;9896
Paraíba;07ª GRE;Santana de Mangueira;Ecit EEFM Presidente Kenedy;6269;8751;9533;7527;8182;8142;6985;8263;8242;6802;9485;592;8014;6038;5447;7689;7778;5395
Paraíba;07ª GRE;Santana dos Garrotes;Eci EEM Doutor Felizardo Leite;5454;7088;6001;915;950;9591;6447;9113;7147;5729;6566;6471;916;8441;5349;9384;8865;5223
Paraíba;07ª GRE;São José de Caiana;EEEFM OTAVIANO L DA SILVA;8975;6295;6064;5263;6019;5905;8617;5836;7575;9763;6307;5829;9157;8309;8966;8775;6986;7927
Paraíba;07ª GRE;Serra Grande;EEEFM Prof Josefa Justino Gomes;8217;7181;9381;9862;8909;6885;8613;8333;8024;9599;9823;7661;5134;7522;5057;8118;669;7922
Paraíba;08ª GRE;Belém do Brejo do Cruz;ECI NOSSA SENHORA DA CONCEIÇÃO;9345;6455;7938;7294;901;7632;6584;6852;588;7996;5406;9501;789;5665;5702;9543;738;7315
Paraíba;08ª GRE;Belém do Brejo do Cruz;EEEFM AMERICO MAIA;8708;9617;8506;6588;6737;7403;7676;802;9714;6562;7689;8094;6394;8893;8007;9481;8872;9163
Paraíba;08ª GRE;Bom Sucesso;ECIT PADRE ARISTIDES;962;9028;9114;768;7655;8776;7351;7228;9967;825;9609;8056;9769;6464;564;7108;5983;7187
Paraíba;08ª GRE;Bom Sucesso;EEEM DOUTOR JOSÉ PAZ DE LIMA;7449;6958;7492;9377;8884;842;6702;7625;7706;6973;9908;8687;6847;610;9412;7026;7647;9117
Paraíba;08ª GRE;Brejo do Cruz;ECIT PROFESSOR JOSÉ OLÍMPIO MAIA;8869;9578;5914;6676;7741;6544;5677;7706;5835;8245;784;7786;7468;793;6007;9419;6758;9355
Paraíba;08ª GRE;Brejo do Cruz;EEEM ANTONIO GOMES;9658;898;7766;9524;7739;8824;9434;9658;8852;7388;736;6037;598;5876;7496;5498;995;8651
Paraíba;08ª GRE;Brejo dos Santos;ECI PROFESSORA DIVA GUEDES DE ARAUJO;797;7048;5274;7904;5642;7868;6253;5374;7089;8709;7157;8824;9953;6216;7517;5762;5505;6058
Paraíba;08ª GRE;Catolé do Rocha;ECI JOÃO SUASSUNA;8497;9642;5284;9917;9316;6948;9573;8561;5179;6242;8898;5144;8716;7966;7643;7752;8923;7113
Paraíba;08ª GRE;Catolé do Rocha;ECIT OBDULIA DANTAS;820;5622;6855;6381;7588;722;7859;9034;641;5422;9778;6009;6786;9053;8572;7447;9678;8446
Paraíba;08ª GRE;Catolé do Rocha;EEEF FABIO MARIZ MAIA;882;5642;7434;8877;7464;6372;8175;7282;528;7136;742;804;6243;6689;9184;5677;5657;6403
Paraíba;08ª GRE;Catolé do Rocha;EEEF JOAQUIM VALDEVINO DE LIMA;5818;7695;5772;8456;6829;538;9721;7749;7569;8408;7596;6085;9398;9036;569;5136;8389;6012
Paraíba;08ª GRE;Catolé do Rocha;EEEF JOSÉ DE SÁ CAVALCANTE;5313;5083;5549;6839;6101;6094;6847;9826;6275;8509;6985;7101;5679;5563;5123;5875;8132;8565
Paraíba;08ª GRE;Catolé do Rocha;EEEF SERGINA LAURA DANTAS;6676;6792;5076;6226;6034;9511;5748;8272;9947;9639;6157;9414;6119;6926;9767;8083;7033;501
Paraíba;08ª GRE;Catolé do Rocha;EEEM ESC AGROTECNICA DO CAJUEIRO CAMPUS IV - UEPB;5834;9482;5805;8421;6108;8145;8852;6291;5147;9981;7559;7265;8069;9082;926;6655;802;595
Paraíba;08ª GRE;Jericó;ECI FRANCISCO MAIA;6249;859;6615;5252;6844;5634;7646;7848;8156;9484;8024;7191;8365;5971;7827;8372;5951;8667
Paraíba;08ª GRE;Lagoa;ECI FREI BRUNO;9065;5797;991;9606;6802;9321;7038;6731;7712;6887;6747;8464;6048;5464;6951;5845;6589;8284
Paraíba;08ª GRE;Lagoa;EEEFM MONSENHOR VALERIANO PEREIRA;5039;8465;8008;645;6721;8684;5491;6421;8891;6689;7483;5257;862;6698;9975;5394;6632;5655
Paraíba;08ª GRE;Mato Grosso;ECI JOSÉ SERAFIM DE LIMA;8163;8594;6668;5909;8031;866;6105;9742;6038;6176;5941;5425;9575;5096;5771;8965;6323;9618
Paraíba;08ª GRE;Riacho dos Cavalos;ECIT DANIEL CARNEIRO;6552;9116;644;9225;6755;744;6663;5165;7017;7749;8881;5091;8957;9624;6314;5884;9281;694
Paraíba;08ª GRE;São Bento;ECIT DE SÃO BENTO;5597;8848;5097;6435;607;5076;8012;5402;8684;8839;7365;7289;6832;5124;5802;8089;9523;6004
Paraíba;08ª GRE;São Bento;EEEM JOAO SILVEIRA GUIMARAES;7133;6372;6788;9191;7534;8489;9751;8949;7499;6576;9578;6823;7323;8591;8015;6891;9032;5225
Paraíba;08ª GRE;São José do Brejo do Cruz;ECI OLIVIA SARAIVA MAIA;9558;9116;8722;5831;9779;6175;9969;7559;9298;8874;9171;7928;9691;883;6248;6436;7317;8973
Paraíba;09ª GRE;Bernardino Batista;EEEFM Nelson Batista Alves;5354;5216;7237;9947;5129;6774;9176;7923;5536;8431;503;7006;7702;7442;5136;618;5666;7403
Paraíba;09ª GRE;Bom Jesus;EEEFM Prof Joaquim Umbelino;8067;9633;8088;5884;7975;6853;9917;6476;9291;8273;9373;6233;515;6353;8792;9875;5751;5655
Paraíba;09ª GRE;Bonito de Santa Fé;Ecit Monsenhor Morais;6412;7192;5105;9822;6781;9481;8315;6588;5836;7629;6148;5473;7176;7911;925;6187;8833;6548
Paraíba;09ª GRE;Bonito de Santa Fé;EEEF Joaquim Nabuco;7368;5035;7025;8712;7792;7274;6943;904;6451;9035;6117;6005;8482;6833;5014;6856;9985;8316
Paraíba;09ª GRE;Cachoeira dos Índios;Eci EEFM Professor Adalberto de Sousa Oliveira;9689;8548;7905;5891;7444;7811;7444;5194;651;5726;9898;9938;5096;5811;9837;7168;5127;8972
Paraíba;09ª GRE;Cajazeiras;Eci Professor Crispim Coelho;6797;6563;9079;7437;9621;6883;9527;762;7902;6208;8833;8097;9223;7577;8959;6113;921;6614
Paraíba;09ª GRE;Cajazeiras;ECIT Cristiano Cartaxo;7822;8016;603;655;7703;525;5223;6328;5863;5318;9857;6211;9316;8452;9338;962;7674;873
Paraíba;09ª GRE;Cajazeiras;ECIT PROFESSORA NICEA CLAUDINO PINHEIRO;6903;6958;9263;7832;9217;5257;6541;7812;5191;5069;8678;7642;8374;5463;6456;9573;7375;7977
Paraíba;09ª GRE;Cajazeiras;EEEF Dom Moises Coelho;5212;8223;5734;5922;7891;5314;6741;5408;5866;6735;7503;6944;600;8355;5966;9668;575;5259
Paraíba;09ª GRE;Cajazeiras;EEEFM Ariano Vilar Suassuna;8709;8661;6404;6504;7004;9717;8123;9375;9699;9816;5111;9234;8266;9013;8078;7049;9969;9483
Paraíba;09ª GRE;Cajazeiras;EEEFM MONSENHOR CONSTANTINO VIEIRA;5378;9566;9832;5057;5444;7256;6459;5221;810;9354;6437;8446;8969;9168;7979;6337;5463;9768
Paraíba;09ª GRE;Cajazeiras;EEEF MONSENHOR JOAO MILANES;7451;5197;927;8057;5679;829;8068;7629;5164;6419;8122;9017;8611;6424;869;7428;7476;9543
Paraíba;09ª GRE;Cajazeiras;EEEFM PROFESSOR MANOEL MANGUEIRA LIMA;6797;6068;5106;8803;5724;8512;5337;9325;6201;6806;6777;603;6722;970;6235;9735;6122;9717
Paraíba;09ª GRE;Cajazeiras;Esc Profissional Monte Carmelo;872;6684;6385;9769;8848;5671;7439;8216;5423;6031;811;9132;7716;8636;9561;9286;5186;6515
Paraíba;09ª GRE;Carrapateira;ECI JOEL PEREIRA DA SILVA;6656;7003;661;7846;5756;7768;9705;5393;9486;8149;8103;9408;9694;7031;8746;5157;8854;914
Paraíba;09ª GRE;Carrapateira;EEEIF de Ave Maria;5517;9988;9732;838;7145;7411;5476;9981;6157;6503;7629;8856;6911;7326;9737;9242;5427;9797
Paraíba;09ª GRE;Joca Claudino;ECI SAO JOSE OPERARIO;9835;8144;8115;6818;9937;8543;5301;7039;999;7817;5002;8226;8946;7063;9693;8936;7554;5167
Paraíba;09ª GRE;Monte Horebe;ECIEEFM Bonifácio Saraiva de Moura;8691;5737;8134;8685;7012;5466;9344;7306;6961;599;6039;5345;9818;9962;6178;7612;6184;5727
Paraíba;09ª GRE;Poço Dantas;ECI JOSE NILSON SANTIAGO;508;913;7415;7569;6704;5203;6613;5983;8577;9035;8943;8149;7991;5176;7732;583;8894;5306
Paraíba;09ª GRE;Poço de José de Moura;ECIT PROFESSORA FRANCISCA FONSECA MATIAS;6935;5292;5198;734;9462;6318;5861;5056;7048;5835;9949;6293;7461;5264;7866;9122;609;8245
Paraíba;09ª GRE;Santa Helena;Eci Elaine Soares Brasileiro;9169;9583;8436;5628;9344;9363;8459;8609;6115;581;9837;9143;9921;6566;9778;7443;5251;8468
Paraíba;09ª GRE;Santa Helena;EEEFM Prof Jose Bento;6869;6227;7424;897;5756;6824;6163;8008;8339;975;9965;8365;7638;7012;9483;9432;8991;9524
Paraíba;09ª GRE;São João do Rio do Peixe;ECIT Coronel Jacob Guilherme Frantz;9302;8406;9147;9348;8881;7307;7926;5662;6857;6055;6769;6871;6177;621;8486;9269;9744;9103
Paraíba;09ª GRE;São João do Rio do Peixe;EEEF de Bandarra;7682;799;7312;9195;6272;8451;8848;9589;6015;6016;7305;6197;6993;9496;9012;5261;5766;5037
Paraíba;09ª GRE;São João do Rio do Peixe;EEEFM Ministro José Américo de Almeida ;8922;8656;9508;5128;827;868;8457;5789;5555;6182;8823;664;7522;9982;6477;8021;5353;7455
Paraíba;09ª GRE;São José de Piranhas;Ecit Prefeito Joaquim Lacerda Leite;9645;6888;6836;7628;756;8945;7672;8213;5169;9099;7007;5486;6862;9465;7422;9669;9297;8867
Paraíba;09ª GRE;São José de Piranhas;E EST DE CURSO NORMAL EM NIVEL MEDIO SAO JOSE;8795;5054;9179;5206;9678;7891;9864;6025;7424;9475;8379;9984;7834;7275;9017;7067;961;7495
Paraíba;09ª GRE;Triunfo;Eci EEM Bernardino Jose Batista;8838;5708;9695;5532;9543;5987;506;5296;8337;5025;6656;870;5093;5713;9509;8878;8539;9443
Paraíba;09ª GRE;Triunfo;EEEF Antonio Francisco Duarte;9312;5229;5107;6092;6729;6151;726;5431;6592;9661;8511;9727;8895;7958;7736;5976;8055;9791
Paraíba;09ª GRE;Uiraúna;Ecit Doutor Jose Duarte Filho;8279;6001;7737;9127;5282;9493;9262;7041;8378;6607;9504;5029;546;880;6225;5869;5467;6681
Paraíba;09ª GRE;Uiraúna;EEEF Ernani Satiro;7621;8169;5433;5256;5414;5985;5272;6693;6339;702;763;9329;8006;7113;8071;5682;7729;7011
Paraíba;09ª GRE;Uiraúna;EEEFM Jovelina Gomes;7336;866;7544;8806;6323;6673;6759;6097;6635;8225;8406;8922;5507;8818;582;5812;7636;8543
Paraíba;09ª GRE;Uiraúna;EEEF Mons Constantino Vieira;7483;7292;7799;7513;597;7214;5639;9063;838;8183;8418;6405;7866;7664;9035;5492;5508;6346
Paraíba;10ª GRE;Aparecida;ECIT Doutor Jose Gadelha;9361;9532;587;6681;6109;649;8804;9808;5545;6455;9668;554;5118;9113;7613;5083;5946;7236
Paraíba;10ª GRE;Lastro;ECI Nestorina Abrantes;8391;9994;6604;7322;5601;6548;6959;8781;6164;7009;6338;6537;6969;5743;9315;9179;9424;5699
Paraíba;10ª GRE;Marizópolis;ECIT Estadual Doutor Silva Mariz;5546;8642;9182;7328;5781;8506;9779;5006;886;8929;6538;9293;5254;5537;6524;9554;7019;9359
Paraíba;10ª GRE;Nazarezinho;ECI Francisco Augusto Campos;707;7648;5526;8125;8363;6659;6039;9337;8016;8398;7196;7695;9124;642;5694;7177;8775;941
Paraíba;10ª GRE;Nazarezinho;EEEF Manoel Mendes;7583;7728;7939;7613;7895;6904;7091;9033;7911;652;7338;6669;5777;5591;6773;8872;8532;8293
Paraíba;10ª GRE;Santa Cruz;ECIT Valdemiro Wanderley de Oliveira;9822;9319;9341;6681;503;7297;8426;9079;5115;5699;7829;5133;7297;7894;9544;6435;5114;7677
Paraíba;10ª GRE;Santa Cruz;EEEF Professor Nestor Antunes;8733;6708;7224;5436;5701;7168;733;8147;853;9923;8849;8126;8138;6597;6086;9189;7359;5065
Paraíba;10ª GRE;São Francisco;ECI Dorgival Silveira;5397;8829;9709;8735;966;6358;6693;943;5306;794;8956;944;6609;6139;5927;9359;6615;5729
Paraíba;10ª GRE;São José da Lagoa Tapada;ECI Antonio Gregorio de Lacerda;5045;8758;9401;6699;6822;6082;9454;8966;8521;6601;9822;8461;5525;6642;9955;8002;9614;7328
Paraíba;10ª GRE;Sousa;ECIT Estadual Chiquinho Cartaxo;8364;7656;5857;5755;5392;8726;5914;8197;5451;8188;8973;5663;8216;7021;6985;9926;5429;9951
Paraíba;10ª GRE;Sousa;ECIT Mestre Julio Sarmento;8562;7479;8739;5457;974;9205;7198;6827;7799;7735;8611;8145;5197;982;696;7288;9123;7409
Paraíba;10ª GRE;Sousa;EEEF Batista Leite;9535;6954;7588;5245;7423;5419;8971;9242;5521;8708;7031;9736;9225;5738;8799;8341;5197;8854
Paraíba;10ª GRE;Sousa;EEEF Bento Freire;6527;718;6616;8397;9379;8471;6987;6876;9928;6676;5095;6098;6984;6091;5479;5098;5726;793
Paraíba;10ª GRE;Sousa;EEEF de Demonstracao de Sousa;5486;8838;9747;5826;8004;5879;9814;7152;7669;7871;6003;5836;599;8185;532;8182;955;6775
Paraíba;10ª GRE;Sousa;EEEF Jaime Meira Fontes;6107;7186;7934;6712;9149;6776;5152;7793;5387;5859;6325;5756;8043;9081;7149;6342;9502;649
Paraíba;10ª GRE;Sousa;EEEFM Andre Gadelha;5399;9582;699;6137;9634;9539;8832;8708;5048;5557;9368;8257;8492;616;6277;9356;9608;7457
Paraíba;10ª GRE;Sousa;EEEFM Antonio Teodoro Neto;9021;8668;6093;8567;9007;8404;9864;7341;817;753;9604;537;899;7068;7083;8153;6166;892
Paraíba;10ª GRE;Sousa;EEEFM Celso Mariz;8785;9957;9952;9776;5629;5697;9387;6116;5813;6631;6718;9495;7847;9922;8195;8015;9788;6631
Paraíba;10ª GRE;Sousa;EEEFM Conego Joao Cartaxo Rolim;8548;5818;645;5446;5698;8867;8371;7342;5737;8431;8883;8191;5058;5764;9448;6477;7019;9013
Paraíba;10ª GRE;Sousa;EEEFM Doutor Thomaz Pires;5469;6188;6627;510;8267;8919;7019;9072;912;6738;7733;9925;6521;5365;8288;7886;9835;7541
Paraíba;10ª GRE;Sousa;EEEFM Estevam Marinho;839;6843;676;6581;935;7601;985;8058;6385;9753;7494;577;5261;6429;8937;8446;6181;6921
Paraíba;10ª GRE;Sousa;EEEFM Francisco Cicero Sobrinho;9301;6403;5935;5077;8862;5767;9446;7845;8319;5739;9344;9458;7099;7766;6549;7696;6401;5955
Paraíba;10ª GRE;Sousa;EEEFM Izidra Pacifico de Araujo;9991;5701;6213;6548;5161;7292;5824;6796;9903;5838;9643;6441;6762;8222;8849;8934;538;9152
Paraíba;10ª GRE;Sousa;EEEFM Professora Dione Diniz Oliveira Dias;8261;7386;9653;7538;5385;6135;5369;7613;5926;6776;8541;6253;8573;6486;8405;8481;6656;9136
Paraíba;10ª GRE;Sousa;EEEF Rene Alves Ramalho;8067;7648;7798;9854;8081;8498;5939;9866;8541;7302;9022;9505;5505;501;9157;7885;7109;7326
Paraíba;10ª GRE;Sousa;EEEM Jose de Paiva Gadelha;6598;6455;5992;764;9869;5603;6846;5471;7909;8593;6516;7475;5185;5368;938;7036;5522;551
Paraíba;10ª GRE;Vieirópolis;ECI Maria Moreira Pinto;5857;6636;9636;8525;7429;7444;5802;5845;8091;530;5569;9824;720;5446;9977;7043;6746;6033
Paraíba;10ª GRE;Vieirópolis;EEEF Antonia Maria Anunciacao Dona Doninha;943;6006;7321;6973;5453;9451;972;6685;5622;9997;9864;9059;7706;5927;7884;5673;8497;9794
Paraíba;11ª GRE;Água Branca;Eci EEM Jose Nominando;8101;8275;9275;8312;584;9073;8573;7045;580;8481;6619;8869;5235;5256;8604;5117;9688;5281
Paraíba;11ª GRE;Imaculada;Ecit Maria do Socorro Ramalho Quirino;6544;9053;9546;9914;7299;8663;9882;9645;980;7428;6492;5971;8444;994;9302;9872;8507;536
Paraíba;11ª GRE;Imaculada;EEEF Delmiro Dantas;5241;7618;9685;6227;6778;7332;9824;511;5935;9715;5984;9706;7563;9348;7036;8779;7765;7222
Paraíba;11ª GRE;Imaculada;EEEFM Santa Catarina;7447;5815;9629;6127;6932;9331;5795;8799;8819;8059;6413;9849;7825;551;6584;9175;8932;6906
Paraíba;11ª GRE;Juru;ECIT Arlinda Pessoa da Silva;5158;8648;8811;9289;7255;5388;8557;6139;7459;8615;9663;6641;8926;7351;8798;794;7384;6161
Paraíba;11ª GRE;Juru;EEEFM America Florentino;6683;874;6519;8964;8583;5923;5405;8595;7066;879;6249;6364;7586;9873;8159;528;5911;5989
Paraíba;11ª GRE;Manaíra;ECI. EEFM. Monsenhor Sebastiao Rabelo;8577;5402;7965;9626;7971;7289;5553;7086;7853;7309;8843;8449;9005;5192;7777;9655;5797;9252
Paraíba;11ª GRE;Manaíra;EEEF Professora Antonia Diniz Maia;6524;5769;712;7183;5392;798;6737;8986;6431;5133;6489;9677;9835;5773;5804;5132;9524;8485
Paraíba;11ª GRE;Princesa Isabel;ECIT Nossa Senhora do Bom Conselho;795;9054;5485;5901;7776;5798;5944;6968;5179;5131;8568;9526;8403;5154;693;8931;8112;7405
Paraíba;11ª GRE;Princesa Isabel;E.E.E.F MARÇAL LIMA NETO;5179;8843;9331;931;565;9528;8032;7192;651;5059;6692;5755;5571;9265;5775;6098;6444;7739
Paraíba;11ª GRE;Princesa Isabel;EEEFM Ministro Alcides Vieira Carneiro;5119;5617;5397;8161;9669;9572;5873;6425;5513;8768;9037;9513;9254;628;6521;969;760;8348
Paraíba;11ª GRE;Princesa Isabel;EEEFN Gama e Melo;6282;7849;7217;8579;7196;6674;6672;7372;7143;6998;9142;6484;6819;9578;7887;5872;7774;6232
Paraíba;11ª GRE;Princesa Isabel;EEEIF Professora Iracema Marques de Lima;999;8213;8854;9777;6811;8166;7515;9531;9459;8976;7245;5178;5513;8559;5152;6515;8618;8264
Paraíba;11ª GRE;São José de Princesa;EEEFM Dep Nominando Muniz Diniz;7612;6514;927;9136;518;7247;8519;5886;8331;9331;9399;9199;8624;7383;5969;7223;600;9329
Paraíba;11ª GRE;Tavares;Eci Adriano Feitosa;804;7545;8651;5705;9586;729;9899;506;9009;9306;695;7492;5507;8478;7815;6704;9198;7322
Paraíba;11ª GRE;Tavares;EEEFM Povoado  Silvestre;8658;9126;6235;7139;5551;7484;5542;9142;6064;5524;5782;8742;7787;8071;6385;7823;592;9254
Paraíba;12ª GRE;Caldas Brandão;ECI Manoel Avelino Paiva;7843;8031;658;7268;8708;5742;6344;8088;6886;9292;9226;5841;6532;6979;9592;9114;578;6705
Paraíba;12ª GRE;Caldas Brandão;EEEFM de Caldas Brandão;6476;8326;9338;9402;6985;7736;9831;8058;9942;7494;5218;7055;6369;7737;8521;8826;646;7991
Paraíba;12ª GRE;Gurinhém;ECI João Ribeiro;5971;7972;6648;5678;6867;5664;8684;624;8201;5719;9936;6922;9825;9364;6992;697;7469;8979
Paraíba;12ª GRE;Ingá;ECIT Luís Gonzaga Burity;7225;7428;6599;6643;5271;7596;7503;8783;8736;5342;929;8006;6849;9279;7746;6802;8123;7433
Paraíba;12ª GRE;Ingá;EEEM Professor Rangel;8675;8692;572;820;7459;7494;5947;5176;9812;8028;9822;7551;5963;9471;9701;9338;717;6696
Paraíba;12ª GRE;Itabaiana;ECIT de Itabaiana Doutor Antônio Batista Santiago;559;8413;8632;5094;9075;7271;867;7891;7573;9426;8283;8387;7601;839;6326;9133;8019;621
Paraíba;12ª GRE;Itabaiana;EEEFM João Fagundes de Oliveira;6053;9823;5388;8249;8266;9719;593;7038;9405;6804;8313;9979;7379;905;5752;6609;7776;7995
Paraíba;12ª GRE;Itabaiana;EEEF Professora Odete Mendes N Oliveira;7944;7475;6585;816;5597;6926;9765;9567;8771;5397;7633;9004;7773;9392;5501;7049;7869;8169
Paraíba;12ª GRE;Itatuba;ECI José Rodrigues de Ataíde ;9717;7949;5476;5644;9686;9573;7761;5804;5432;6046;5092;8335;9695;8018;5751;9509;540;7163
Paraíba;12ª GRE;Juarez Távora;ECI Dom Adauto;9684;8772;7463;6576;6851;7402;8014;7612;8167;6077;6136;7796;9049;7598;929;6417;9236;806
Paraíba;12ª GRE;Juripiranga;ECIT Teonas da Cunha Cavalcanti;542;7341;6662;975;9553;8984;9871;5898;5425;6961;8355;7179;5477;6271;6269;544;7688;6967
Paraíba;12ª GRE;Juripiranga;EEEFM Demétrio Toledo;9173;6847;5924;8329;6986;514;9118;6854;7067;8836;7891;6281;8821;617;650;8359;8163;5474
Paraíba;12ª GRE;Mogeiro;ECIT Otávia Silveira;5214;8355;8981;7496;9096;925;956;8775;8882;8605;918;7143;5856;600;7029;8344;6177;8039
Paraíba;12ª GRE;Pedras de Fogo;ECIT João Úrsulo;6949;8472;5211;5482;7309;9682;6679;7394;5266;9403;8322;8148;8393;5565;5494;5772;8592;8799
Paraíba;12ª GRE;Pedras de Fogo;EEEM Professor Getúlio César Rodrigues Guedes;7153;7758;5062;5485;760;7816;8889;6973;8298;6758;6856;8554;8358;506;9154;9134;5187;6937
Paraíba;12ª GRE;Pilar;ECIT José Lins do Rego;9747;6373;8155;7182;9477;7931;9719;8429;6855;7003;8924;6688;9217;9999;9255;9239;542;9289
Paraíba;12ª GRE;Riachão do Bacamarte;ECI Adauto Cabral de Vasconcelos;5009;7425;6313;9261;6872;8733;7317;6008;8117;6257;9939;8543;5686;9749;7472;997;6489;9707
Paraíba;12ª GRE;Salgado de São Félix;ECIT Ana Ribeiro;7325;999;633;8905;5943;7552;950;8533;6771;8122;9282;9411;8939;9194;7425;7302;8849;9478
Paraíba;12ª GRE;Salgado de São Félix;EEEFM Arnaldo Maroja;5434;5445;5051;6662;7803;9991;7526;9716;7335;6305;8413;7825;8385;5129;9791;8221;7176;9548
Paraíba;12ª GRE;Salgado de São Félix;EEEFM de Dois Riachos;7895;6177;6942;8643;8323;9719;5301;7388;8452;7285;9945;5821;8361;806;7592;8594;9359;5003
Paraíba;12ª GRE;São José dos Ramos;ECI Jocelyn Velloso Borges;9518;8342;6581;6076;5051;778;5862;9416;6878;7951;9813;9549;6401;7624;7187;9401;5693;5764
Paraíba;12ª GRE;São Miguel de Taipu;ECI Maria Lins;5964;8272;7403;6617;748;7774;8181;5123;8493;7131;9769;8618;954;773;6221;8253;5142;5717
Paraíba;12ª GRE;São Miguel de Taipu;EEEFM Severina de Holanda Cavalcanti;990;842;7203;7265;7284;6646;9796;9547;5809;848;5824;7525;7019;5762;9448;5169;8574;8189
Paraíba;13ª GRE;Cajazeirinhas;ECI MARIA SOLEDADE ASSIS FREITAS;8687;5128;9907;6464;5531;5462;6563;8021;7918;7145;6479;856;624;546;6691;7259;6483;5643
Paraíba;13ª GRE;Condado;ECIT Doutor Trajano Pires da Nóbrega;6465;8586;5967;909;5474;5203;8319;8012;7102;8569;7266;8597;6901;9265;7606;7927;811;8257
Paraíba;13ª GRE;Paulista;ECIT  EST  FRANCISCO DE SÁ CAVALCANTE;537;7296;9967;7457;5189;8229;6267;5045;7486;7408;640;6344;5196;7978;9933;656;7967;6148
Paraíba;13ª GRE;Paulista;EEEFM Professora Margarida Medeiros;6108;8698;9254;9712;6321;6719;607;9601;5445;8759;8427;8455;5593;7001;899;5204;6088;5536
Paraíba;13ª GRE;Pombal;ECIT Monsenhor Vicente Freitas;7795;5135;9889;7537;8182;6671;5492;5178;8902;7615;7003;8706;7187;5937;7884;8446;5341;6814
Paraíba;13ª GRE;Pombal;EEEF de Estrelo;8877;7683;5246;6158;5705;8828;7222;7321;5206;6107;6361;8776;756;7556;5125;7753;691;6549
Paraíba;13ª GRE;Pombal;EEEFM Amelia Maria da Luz;9683;9439;9501;7675;7115;9499;989;9223;6008;6476;9468;7928;9124;8393;5618;6967;8809;9386
Paraíba;13ª GRE;Pombal;EEEFM Arruda Câmara;5629;9848;9723;9599;6268;7152;5797;6354;729;6463;8796;549;8436;8646;5199;9189;6077;5749
Paraíba;13ª GRE;Pombal;EEEFM Joana Ivonildes Bandeira;537;8086;5406;7035;7358;7207;5753;6476;531;6385;7035;866;5779;7005;8353;8549;7692;9065
Paraíba;13ª GRE;Pombal;EEEFM João da Mata;9517;5624;6993;9067;5887;6344;5187;716;6388;5084;5275;5209;8883;9811;7138;558;7216;761
Paraíba;13ª GRE;Pombal;EEEFM Oito de Julho;8674;9492;647;8227;6038;8997;5827;7605;5853;7963;9663;8642;5836;9028;8983;5091;9932;8628
Paraíba;13ª GRE;São Bentinho;ECI Deputado Levi Olímpio Ferreira;7341;879;5184;9188;9604;6305;6674;7369;8216;5164;7593;6861;7783;857;5118;9014;7418;719
Paraíba;13ª GRE;São Domingos;Ecit Cicero Severo Lopes;9814;5633;593;7414;9492;7093;7888;5834;7779;8548;6272;8586;5205;667;8704;7239;8716;7491
Paraíba;13ª GRE;Vista Serrana;ECI Manoel Medeiros de Araújo;7256;9467;7605;706;5521;7869;6149;8912;5459;6264;9061;7007;8854;8807;6773;8917;6127;5693
Paraíba;14ª GRE;Baía da Traição;ECIT MATIAS FREIRE;9313;6788;6248;8933;6745;7533;6954;6209;9236;8376;9948;7487;7023;5838;5671;7546;8072;8324
Paraíba;14ª GRE;Baía da Traição;EEIEFM AKAJUTIBIRO;8312;656;8269;837;9987;5351;9848;997;8109;9242;7728;7651;6414;8566;5051;9363;6663;9201
Paraíba;14ª GRE;Baía da Traição;EEIEFM PEDRO POTI;8655;5138;6206;530;8162;7941;9518;870;8413;9306;827;9546;7876;6655;909;8337;7378;9514
Paraíba;14ª GRE;Capim;ECI JOSÉ WILSON DE ALBUQUERQUE MELO;9856;6435;9728;7687;9576;6238;7256;6375;8957;8871;8597;9021;5131;7346;590;9732;5322;9143
Paraíba;14ª GRE;Cuité de Mamanguape;ECI PROFESSOR RENATO FONSECA FILHO;786;5732;6806;5062;9922;880;932;8641;9418;5989;7112;9612;9767;9711;8924;9779;7833;9029
Paraíba;14ª GRE;Curral de Cima;ECIT HENRIQUE FERNANDES DE FARIAS;8045;9981;631;8808;5648;6956;8099;7471;6552;8651;9147;7635;6378;5601;6647;7206;7684;8379
Paraíba;14ª GRE;Itapororoca;ECI SEVERINO FELIX DE BRITO;8521;5218;8822;6114;8596;997;8932;6485;8428;876;7234;7465;6458;5203;7937;5155;9987;7143
Paraíba;14ª GRE;Itapororoca;EEEFM ISAURA FERNANDES DE SOUZA;8322;931;867;8975;584;9576;7222;8641;6676;6959;6931;6537;5541;6537;8916;8959;7039;8151
Paraíba;14ª GRE;Jacaraú;ECIT ALZIRA LISBOA;5216;8889;6602;5598;6758;6523;7612;9503;9265;9787;7552;8927;7705;9453;8083;5623;5826;7288
Paraíba;14ª GRE;Jacaraú;EEEM CASTRO PINTO;744;9867;7096;944;7399;8267;9191;7725;7595;6056;5244;9641;7459;7302;7281;7285;7889;6311
Paraíba;14ª GRE;Mamanguape;ECI DOUTOR GUSTAVO FERNANDES DE LIMA SOBRINHO;8757;701;8012;5939;857;9448;5954;9288;9953;8925;6149;8422;5525;9997;8599;5779;7131;7188
Paraíba;14ª GRE;Mamanguape;ECI SENADOR RUI CARNEIRO;5848;510;6143;5066;6578;576;5269;5907;7475;960;8436;5089;7258;7927;907;8444;5379;8311
Paraíba;14ª GRE;Mamanguape;ECIT VALE DO MAMANGUAPE JOÃO DA MATA CAVALCANTI DE ALBUQUERQUE;9707;8166;696;5404;6659;5449;625;5085;5843;5625;5682;9408;7657;6532;5711;9506;7678;7975
Paraíba;14ª GRE;Mamanguape;EEEFM ANTONIO PINTO BARBALHO;691;9265;9797;6528;8434;7804;9992;8108;6649;7791;7144;7532;9551;6996;6496;518;984;5966
Paraíba;14ª GRE;Mamanguape;EEEFM DOUTOR JOSE A DA TRINDADE;8401;5899;5924;9382;9294;7085;7647;7409;6292;8157;5221;8995;7495;7294;5787;9814;5068;8359
Paraíba;14ª GRE;Mamanguape;EEEFM PROFESSOR ANTONIO GARCEZ;6621;8115;7652;8408;7393;6252;8566;6648;9661;8781;5621;6868;9109;979;9025;7164;7388;7772
Paraíba;14ª GRE;Mamanguape;EEEFM UMBELINA GARCEZ;9091;7371;9841;7259;6967;6266;985;5732;7183;7355;8623;8081;6186;7297;6043;570;7757;9414
Paraíba;14ª GRE;Mamanguape;EEEM PROFESSOR LUIZ APRÍGIO;9569;6875;5484;8625;7571;6823;5105;5792;7986;9059;5939;9333;5893;5881;5955;5108;9032;8246
Paraíba;14ª GRE;Marcação;ECI ÍNDIO ANTONIO SINÉSIO DA SILVA;8913;901;9912;5283;6431;7258;6853;8883;7484;7064;7226;8121;501;7674;6415;5013;8041;7728
Paraíba;14ª GRE;Marcação;EEIEFM CACIQUE INIGUACU;6321;8377;9283;5616;9615;8036;5021;7653;9994;5347;9418;6734;7626;8978;5439;8363;5627;5528
Paraíba;14ª GRE;Marcação;EEIEFM INDIGENA JOSE FERREIRA PADILHA;7935;9493;9155;5364;5158;7317;5441;8148;5738;7596;5858;6951;9936;8896;6861;5478;6555;6062
Paraíba;14ª GRE;Marcação;EEIEFM INDIO PEDRO MAXIMO DE LIMA;5955;8007;6302;9115;5932;8473;5571;9175;7991;630;9295;7303;5189;6486;589;6949;8565;7758
Paraíba;14ª GRE;Marcação;EEIEFM ISAURA SOARES DE LIMA;9586;7736;7749;7177;9651;7082;9256;7203;8465;5563;7423;8727;8417;8852;7899;6595;8654;7481
Paraíba;14ª GRE;Mataraca;ECI PEDRO POTI;5671;8995;7302;7741;6267;9069;6479;8336;6159;7332;8576;8703;755;8951;673;9806;9938;5986
Paraíba;14ª GRE;Pedro Régis;ECI MARGARIDA DIAS;7121;6258;6102;6368;7997;7108;5379;967;7482;775;6239;5238;5407;7082;9937;9684;6957;5669
Paraíba;14ª GRE;Rio Tinto;ECIT PROFESSOR LUIZ GONZAGA BURITY;5604;6556;9618;6689;5277;6234;744;517;6927;7997;5196;9374;643;9554;5156;5828;910;8714
Paraíba;14ª GRE;Rio Tinto;EEEM FREDERICO LUNDGREN;7133;9203;9946;7821;9978;7102;6051;5599;546;8621;7234;9535;8814;5761;9012;9316;6693;5283
Paraíba;14ª GRE;Rio Tinto;EEIEFM CACIQUE DOMINGOS BARBOSA DOS SANTOS;5828;8946;824;6492;6938;9907;6974;6616;579;5771;7446;800;5942;6896;5034;6119;8606;9505
Paraíba;14ª GRE;Rio Tinto;EEIEFM DOUTOR JOSE LOPES RIBEIRO;8912;581;725;9312;850;8886;7713;6605;6989;7816;9968;653;5797;8176;7759;6307;6468;8416
Paraíba;14ª GRE;Rio Tinto;EEIEFM GUILHERME DA SILVEIRA;8023;7432;8243;9485;7969;6295;9149;7024;9362;5528;7801;8116;6115;6245;9091;9775;5726;6104
Paraíba;14ª GRE;Rio Tinto;EEIEFM PROFESSORA ANGELITA BEZERRA DE ASSIS;6329;8037;7683;9189;7036;6707;8604;6133;8671;5068;7692;9913;6326;9328;8306;8201;613;5891
Paraíba;15ª GRE;Alcantil;ECIT PROFESSORA MARIA CECÍLIA DE CASTRO;766;5554;5669;9795;668;9763;6848;8347;6698;7927;5448;8359;8399;9819;9901;9562;6725;7994
Paraíba;15ª GRE;Aroeiras;ECI DEPUTADO CARLOS PESSOA FILHO;5935;8143;5626;7733;7587;7572;6854;5572;9243;689;5049;9637;5405;5142;9617;8156;8231;9745
Paraíba;15ª GRE;Aroeiras;EEEFM MAJOR JOSE BARBOSA;6304;9134;8777;8533;6217;8441;6146;7029;7349;7788;8788;8837;9472;6356;6076;6852;5184;8656
Paraíba;15ª GRE;Barra de Santana;ECI ALMIRANTE  ANTÔNIO HERÁCLITO DO RÊGO;8929;5725;602;7509;6126;8936;5435;6565;8948;5734;5409;5668;8187;7989;7483;9679;564;6728
Paraíba;15ª GRE;Barra de São Miguel;ECI MELQUÍADES TEJO;9733;5237;7394;874;5332;8397;8624;5776;5465;7608;9114;7807;6551;6564;9535;9782;6485;6737
Paraíba;15ª GRE;Boqueirão;ECIT CONSELHEIRO JOSÉ BRAZ DO REGO;6385;7658;6749;6259;8203;7222;8809;9677;5044;6123;621;882;7124;5975;7995;5812;9315;990
Paraíba;15ª GRE;Boqueirão;EEEFM SEVERINO BARBOSA CAMELO;9542;9924;9772;5357;5228;5678;5609;6778;9376;6996;6512;6582;853;8961;9884;9623;928;5737
Paraíba;15ª GRE;Cabaceiras;ECIT ALCIDES BEZERRA;5092;9439;8209;981;8538;9255;732;9244;8009;8414;9523;7216;5497;7401;7678;7908;9686;5678
Paraíba;15ª GRE;Cabaceiras;EEEFM CLOVIS PEDROSA;7583;6311;9114;5767;9673;6239;8865;6521;7949;678;5417;6161;840;7273;7278;5442;7473;9417
Paraíba;15ª GRE;Caturité;ECI FELIX ARAUJO;7212;5398;6395;8867;890;9028;9081;6798;7417;8016;9485;9719;9427;8178;8904;6432;7342;9596
Paraíba;15ª GRE;Fagundes;ECI JOANA EMÍLIA DA SILVA;6135;9938;7153;9317;576;7378;7984;601;548;6876;8058;7864;8264;9576;5532;5022;8585;8876
Paraíba;15ª GRE;Fagundes;EEEF FREI ALBERTO;7463;7271;6355;6244;7481;6438;9727;8102;8593;8096;9717;7475;6959;9018;7585;8846;860;9308
Paraíba;15ª GRE;Gado Bravo;ECI JOAO DA SILVA MONTEIRO;9021;6902;8179;9585;7495;7109;6615;9528;5642;8997;8306;9831;6606;7938;5993;6448;9785;9106
Paraíba;15ª GRE;Natuba;EEEF DOUTOR CARLOS PESSOA;5971;8664;9375;5905;7381;8868;6681;6802;884;9715;8903;8645;6684;5192;5082;7835;9263;7129
Paraíba;15ª GRE;Queimadas;ECIT FRANCISCO ERNESTO DO REGO;9467;6719;5336;8271;613;9399;8136;9172;8647;8237;974;6991;5748;7327;8259;8127;6215;6262
Paraíba;15ª GRE;Queimadas;EEEFM JOSE TAVARES;7265;9156;6482;5991;7806;9934;9035;8636;8234;7301;6769;5525;8547;5803;9646;7405;7455;9274
Paraíba;15ª GRE;Queimadas;EEEM TEREZA ALVES DE MOURA;9762;8813;8191;6636;9806;5118;7615;7981;6019;6725;8548;8644;9183;5483;9555;7321;6016;5761
Paraíba;15ª GRE;Riacho de Santo Antônio;ECI ANA FERREIRA DA COSTA;8297;775;9768;6344;8887;967;5017;8729;7687;5563;9522;8917;9669;7491;8998;9768;5196;6176
Paraíba;15ª GRE;Santa Cecília;ECI ANTONIO FRANCISCO GOMES;522;8472;9159;690;7676;8348;6706;8459;5264;7533;9483;8191;656;7095;7268;593;5089;9053
Paraíba;15ª GRE;São Domingos do Cariri;ECIT FRANCISCO DEODATO DO NASCIMENTO;8714;6083;6827;632;7859;9298;8159;9811;7489;5607;7275;7786;5678;6094;9389;5298;5059;5225
Paraíba;15ª GRE;Umbuzeiro;ECIT PRESIDENTE JOÃO PESSOA;9574;8815;7169;8363;5736;6488;7044;997;5066;703;6099;832;5962;531;8001;8154;9843;5352
Paraíba;16ª GRE;Alhandra;Ecit Renato Ribeiro Coutinho;8816;5566;8927;8618;9961;6001;7105;7758;8725;6211;5434;622;9071;773;5477;7879;747;5824
Paraíba;16ª GRE;Alhandra;EEEFM Antonio Camelo;962;8072;7684;6096;8521;724;8653;8701;7637;9604;6548;5321;9903;621;8333;5149;8202;5919
Paraíba;16ª GRE;Alhandra;EEEFM Barao do Abiai;8132;7937;9572;8136;6769;5821;7846;6517;7541;5385;8053;7483;5236;6213;7492;9692;7109;9631
Paraíba;16ª GRE;Bayeux;Eci Irineu Pinto;8005;8453;7656;7031;7469;9588;5137;6948;8848;6912;6826;6262;918;9816;7342;9989;5835;6066
Paraíba;16ª GRE;Bayeux;ECI JOAO CAETANO;9861;5396;8489;6243;5649;5424;922;6811;7025;9476;9554;5216;549;6585;525;814;7538;7133
Paraíba;16ª GRE;Bayeux;Ecit Bayeux Erenice Cavalcante Fidelis;7561;9793;7557;9603;7526;5541;8913;7463;8724;8683;8899;9575;5226;686;6446;8199;8764;713
Paraíba;16ª GRE;Bayeux;Ecit Professor Antonio Gomes;8742;511;7029;7552;7153;9768;8201;7702;6649;9221;6585;6181;7091;6316;8799;5419;712;5718
Paraíba;16ª GRE;Bayeux;EEEF Alvaro de Carvalho;8192;5938;6446;8338;7684;6655;8626;9181;6287;681;8668;5419;5065;5799;8332;8831;9108;5355
Paraíba;16ª GRE;Bayeux;EEEF Anita Garibaldi;7117;5331;6425;7017;8802;7603;7159;891;9999;6914;7753;6302;8749;5833;7246;9009;819;9701
Paraíba;16ª GRE;Bayeux;EEEF Getulio Vargas;7251;508;8367;5796;5692;6371;9574;5657;9015;6074;9939;6828;9415;8915;5032;8242;8056;7695
Paraíba;16ª GRE;Bayeux;EEEFM ENGENHEIRO JOSE DAVILA LINS;8549;9057;5192;5327;6507;6588;8448;8956;9979;7823;8376;6596;7651;8409;5157;5403;5472;5091
Paraíba;16ª GRE;Bayeux;EEEFM Tancredo Neves;6059;5667;7901;8771;9946;9555;7852;8341;8915;9474;594;9702;8862;7002;9857;9114;6851;8442
Paraíba;16ª GRE;Bayeux;EEEFM VERALDO LEITE;6473;6188;994;8703;9885;6032;7968;5311;9185;5605;5191;6697;5807;6111;9709;5979;5077;8036
Paraíba;16ª GRE;Bayeux;EEEF Senador Teotonio Vilela;728;879;8232;5033;7597;5023;9649;7136;6296;7142;7833;9829;9118;8511;6691;5354;555;9477
Paraíba;16ª GRE;Caaporã;ECIT AURICELIA MARIA DA COSTA;9792;7693;9473;7826;5879;9364;7996;7424;9822;8956;7961;8819;9452;8153;9964;7916;6121;7393
Paraíba;16ª GRE;Caaporã;EEEM ALBERTO LUNDGREN;6751;5138;8797;6594;6019;5763;8196;6719;8611;9042;9246;913;7234;8507;8918;6581;5504;8338
Paraíba;16ª GRE;Cabedelo;ECI Imaculada Conceição;6899;7752;7089;9808;9352;6716;6144;7221;9687;8711;5383;8372;7754;801;9203;8168;5853;6224
Paraíba;16ª GRE;Cabedelo;ECIT ABREU E LIMA;5147;777;8306;9597;8604;5428;8078;9545;579;8778;6316;9212;7935;7718;7585;8699;7031;6638
Paraíba;16ª GRE;Cabedelo;ECIT JOSE GUEDES CAVALCANTE;6574;7138;6565;7161;7947;5596;7201;6668;9826;6231;7386;7138;7607;7544;947;8219;5153;5969
Paraíba;16ª GRE;Cabedelo;EEEF Augusto Severo;8667;5828;9898;6926;7642;6819;8799;8774;7325;7083;6849;5471;9064;6235;806;9268;800;8397
Paraíba;16ª GRE;Cabedelo;EEEFM JOAO XXIII;997;9384;9402;6708;5054;8357;7371;5177;5616;9425;5031;9179;8802;631;6921;6936;5313;9724
Paraíba;16ª GRE;Cabedelo;EEEF PADRE ANTÔNIO VIEIRA;9522;857;6783;5867;7737;8086;5614;8547;8168;9264;6499;7129;578;9455;905;5474;8418;6254
Paraíba;16ª GRE;Cabedelo;EEEF Sao Judas Tadeu;6486;6799;8454;6326;9197;8658;7137;9361;799;7278;7127;9744;845;8455;5654;5044;7893;7727
Paraíba;16ª GRE;Cabedelo;EEEM PEDRO AMERICO;7794;9385;7241;6296;6154;5802;7999;9585;5516;9104;5924;9035;5306;8645;562;5575;8619;9412
Paraíba;16ª GRE;Cabedelo;EEEM PROFESSOR PEDRO ANIBAL MOURA;7993;5329;9379;9228;9557;8042;7867;6167;7872;6964;9523;9619;7931;6027;8183;8018;9541;8529
Paraíba;16ª GRE;Conde;Ecit Ilza de Almeida Ribeiro;9597;5828;8514;9258;8459;8883;7311;5426;6261;5982;7781;5289;9868;739;6794;7618;5749;8299
Paraíba;16ª GRE;Conde;EEEM PROFESSOR JOAO DA CUNHA VINAGRE;9077;8899;6718;7115;526;6081;6784;639;5462;6075;5734;8851;657;7951;9502;8994;6969;8444
Paraíba;16ª GRE;Cruz do Espírito Santo;ECIT DEPUTADO FERNANDO MILANEZ;9611;8811;6362;8389;7796;9645;9974;7691;5035;6968;5185;9294;6899;7108;8995;9722;8935;8968
Paraíba;16ª GRE;Cruz do Espírito Santo;EEEF Faz Cobe;665;6438;6756;9395;7205;820;6065;9024;6743;7494;6097;8724;7197;5217;5035;6679;9956;8804
Paraíba;16ª GRE;Cruz do Espírito Santo;EEEFM CAMPO DE SEMENTES E MUDAS;7788;6054;5935;6707;7539;6712;7321;9176;5433;750;8319;6453;7943;8798;6044;9801;5763;7557
Paraíba;16ª GRE;Cruz do Espírito Santo;EEEFM Flavio Ribeiro Coutinho;6867;7355;9129;9681;7472;7978;8416;5715;8875;7274;737;9594;785;5576;5527;5214;7024;7334
Paraíba;16ª GRE;Lucena;Ecit Izaura Falcao de Carvalho;9142;8757;6216;5805;6559;6244;8871;9475;6043;6904;9241;9511;5531;7046;8819;8836;606;7528
Paraíba;16ª GRE;Mari;ECIT JOSÉ PAULO DE FRANCA;5689;6469;9851;7538;7935;5542;9043;9846;8015;7874;6099;5412;7992;7498;7468;9875;5069;6343
Paraíba;16ª GRE;Mari;EEEF Luiz Maria de Franca;8091;9684;5215;612;5373;9082;7712;7717;9192;5625;7865;9115;6925;5052;5997;8815;7419;572
Paraíba;16ª GRE;Mari;EEEM AUGUSTO DOS ANJOS;7247;6318;9108;7879;5752;7812;9368;5384;5738;6443;6302;7153;8286;712;7667;8226;6523;7187
Paraíba;16ª GRE;Pitimbu;Ecit Durval Guedes;8893;9349;9744;6759;6756;6279;7251;9976;5559;6118;5166;6055;8754;5227;9023;7418;5338;8044
Paraíba;16ª GRE;Pitimbu;EEEM DOUTOR JOAO GONCALVES;7217;5687;8663;6177;8361;8745;5659;6649;8341;5854;9361;881;9287;8157;6737;8857;5834;9594
Paraíba;16ª GRE;Riachão do Poço;ECIT RIACHAO DO POCO;8336;5123;7148;6859;5157;7151;6282;6954;615;9359;8714;819;5866;9968;6546;8699;7952;8062
Paraíba;16ª GRE;Santa Rita;Eci Heliton Santana;9769;8397;7039;5898;6274;7453;8379;8909;828;7998;9468;8206;6974;8066;9584;6709;8845;7436
Paraíba;16ª GRE;Santa Rita;ECI MARIA DE LOURDES ARAUJO;7057;740;813;5045;5226;7641;5722;9045;8645;8541;5521;5442;7548;8142;9555;6121;8839;7381
Paraíba;16ª GRE;Santa Rita;Ecit Eneas Carvalho;872;8692;9691;6605;7562;829;8479;7378;6635;8143;5359;8095;7176;8066;7012;5274;7818;8373
Paraíba;16ª GRE;Santa Rita;ECIT Maria Honorina Santiago;848;7152;8547;9019;9196;8063;9309;5855;7058;8507;5225;7081;9955;9338;5203;7221;7785;9442
Paraíba;16ª GRE;Santa Rita;Ecit Professor Luis de Azevedo Soares;9958;8926;936;528;5361;6872;5112;5044;7271;5039;7925;937;6014;6597;8691;7718;849;6338
Paraíba;16ª GRE;Santa Rita;EEEF Aline Silva Madruga;614;733;7803;5974;829;5387;8841;7397;7455;6177;8878;5524;6846;9287;6017;994;8971;6395
Paraíba;16ª GRE;Santa Rita;EEEF Andre Vidal de Negreiros;5898;9367;6484;5093;7817;5898;8671;8667;8931;6162;745;5034;7138;9211;942;9555;5351;6651
Paraíba;16ª GRE;Santa Rita;EEEF João Úrsulo;8732;6361;7102;8234;7464;543;6448;5989;6661;6587;9601;5809;6061;555;7804;5106;9252;5655
Paraíba;16ª GRE;Santa Rita;EEEF Jose Mariano;806;8124;9026;666;7471;7838;7874;6524;7322;8455;7258;6828;6806;8051;8596;6317;7582;8754
Paraíba;16ª GRE;Santa Rita;EEEF Machado de Assis;5144;8617;9028;8511;5576;8724;9464;6203;5756;501;7337;7577;5664;9411;8561;5356;7389;7797
Paraíba;16ª GRE;Santa Rita;EEEFM de Forte Velho;5717;9526;5516;558;8741;7254;9821;8524;6195;7592;5919;7638;541;8479;8219;5127;6724;6614
Paraíba;16ª GRE;Santa Rita;EEEFM Francisco Leocadio Ribeiro Coutinho;8787;8143;7062;976;7782;5352;7474;7642;5192;6766;5331;9849;8684;7333;6785;9415;7131;8074
Paraíba;16ª GRE;Santa Rita;EEEFM Luiz Ribeiro Limeira;6932;5828;7983;9656;7817;6914;7541;5377;641;8765;8054;7872;5841;888;8404;7488;6062;7048
Paraíba;16ª GRE;Santa Rita;EEEF Prefeito Antonio Teixeira;9624;691;7053;745;7531;5313;871;7896;6671;8883;6173;8802;8021;6186;5122;9441;6586;884
Paraíba;16ª GRE;Santa Rita;EEEF Varzea Nova;7127;5401;9294;9367;8565;6874;9275;8245;7788;6003;672;6885;6329;9052;5308;8746;5782;7494
Paraíba;16ª GRE;Santa Rita;EEEM ANÍSIO PEREIRA BORGES;7266;9468;5326;5683;6313;993;7608;5683;8747;871;9548;9267;9372;9031;8477;6511;9151;7758
Paraíba;16ª GRE;Santa Rita;EEEM CARLOS CHAGAS;8406;9803;6975;8003;6787;9442;5048;7941;9706;9599;5468;8144;7556;9472;9989;8675;9092;9649
Paraíba;16ª GRE;Sapé;Eci Cassiano Ribeiro Coutinho;8531;9591;7746;794;8382;8423;734;6136;5776;9365;566;5463;6354;7907;5962;988;9216;7808
Paraíba;16ª GRE;Sapé;ECIT MONSENHOR ODILON ALVES PEDROSA;6662;9394;6517;8054;8697;9478;5729;9653;6531;9239;8761;5999;8325;7108;9695;8788;6916;8797
Paraíba;16ª GRE;Sapé;EEEFM FAZENDA BURACAO;7746;6824;5632;5368;8644;9238;5772;5325;7589;5245;8119;822;5182;8584;6425;624;8613;6206
Paraíba;16ª GRE;Sapé;EEEFM STELLA DA CUNHA SANTOS;5728;590;5304;6615;961;6856;5312;8853;5864;5586;8045;7373;8481;7525;5991;6691;6731;7002
Paraíba;16ª GRE;Sapé;EEEM GENTIL LINS;5827;5818;9949;5397;7049;9992;7008;9301;6076;5033;9601;6323;5194;5259;5675;5199;7075;8497
Paraíba;16ª GRE;Sapé;ESCOLA TECNICA ESTADUAL DE SAÚDE PROFESSORA CLORIS TORRES DE OLIVEIRA;7683;5139;5322;8809;5889;6016;5573;7638;6904;7039;7277;559;5058;8948;5422;6546;9261;8606
Paraíba;16ª GRE;Sobrado;ECI SEVERINA RAMOS DE OLIVEIRA;8841;5833;5315;7402;9978;8171;9579;5105;6333;9167;9995;8663;888;9625;7427;8842;7279;5682
